backend-1  | 2026-08-05T04:52:21.807Z  INFO 1 --- [dms] [           main] o.s.boot.tomcat.TomcatWebServer          : Tomcat initialized with port 8080 (http)
backend-1  | 2026-08-05T04:52:21.823Z  INFO 1 --- [dms] [           main] o.apache.catalina.core.StandardService   : Starting service [Tomcat]
backend-1  | 2026-08-05T04:52:21.824Z  INFO 1 --- [dms] [           main] o.apache.catalina.core.StandardEngine    : Starting Servlet engine: [Apache Tomcat/11.0.22]
backend-1  | 2026-08-05T04:52:21.852Z  INFO 1 --- [dms] [           main] b.w.c.s.WebApplicationContextInitializer : Root WebApplicationContext: initialization completed in 2397 ms
backend-1  | 2026-08-05T04:52:22.207Z  INFO 1 --- [dms] [           main] org.hibernate.orm.jpa                    : HHH008540: Processing PersistenceUnitInfo [name: default]
backend-1  | 2026-08-05T04:52:22.268Z  INFO 1 --- [dms] [           main] org.hibernate.orm.core                   : HHH000001: Hibernate ORM core version 7.4.1.Final
backend-1  | 2026-08-05T04:52:22.775Z  INFO 1 --- [dms] [           main] o.s.o.j.p.SpringPersistenceUnitInfo      : No LoadTimeWeaver setup: ignoring JPA class transformer
backend-1  | 2026-08-05T04:52:22.801Z  INFO 1 --- [dms] [           main] com.zaxxer.hikari.HikariDataSource       : HikariPool-1 - Starting...
backend-1  | 2026-08-05T04:52:22.950Z  INFO 1 --- [dms] [           main] com.zaxxer.hikari.pool.HikariPool        : HikariPool-1 - Added connection org.postgresql.jdbc.PgConnection@69d61a6f
backend-1  | 2026-08-05T04:52:22.951Z  INFO 1 --- [dms] [           main] com.zaxxer.hikari.HikariDataSource       : HikariPool-1 - Start completed.
backend-1  | 2026-08-05T04:52:22.979Z  WARN 1 --- [dms] [           main] org.hibernate.orm.deprecation            : HHH90000025: PostgreSQLDialect does not need to be specified explicitly using 'hibernate.dialect' (remove the property setting and it will be selected by default)
backend-1  | 2026-08-05T04:52:23.000Z  INFO 1 --- [dms] [           main] org.hibernate.orm.connections.pooling    : HHH10001005: Database info:
backend-1  | 	Database JDBC URL [jdbc:postgresql://postgresql:5432/dms]
backend-1  | 	Database driver: PostgreSQL JDBC Driver
backend-1  | 	Database dialect: PostgreSQLDialect
backend-1  | 	Database version: 17.10
backend-1  | 	Default catalog/schema: dms/public
backend-1  | 	Autocommit mode: undefined/unknown
backend-1  | 	Isolation level: READ_COMMITTED [default READ_COMMITTED]
backend-1  | 	JDBC fetch size: none
backend-1  | 	Pool: DataSourceConnectionProvider
backend-1  | 	Minimum pool size: undefined/unknown
backend-1  | 	Maximum pool size: undefined/unknown
backend-1  | 2026-08-05T04:52:24.043Z  INFO 1 --- [dms] [           main] org.hibernate.orm.core                   : HHH000489: No JTA platform available (set 'hibernate.transaction.jta.platform' to enable JTA platform integration)
backend-1  | 2026-08-05T04:52:24.151Z  INFO 1 --- [dms] [           main] j.LocalContainerEntityManagerFactoryBean : Initialized JPA EntityManagerFactory for persistence unit 'default'
backend-1  | 2026-08-05T04:52:24.309Z  INFO 1 --- [dms] [           main] o.s.d.j.r.query.QueryEnhancerFactories   : Hibernate is in classpath; If applicable, HQL parser will be used.
backend-1  | 2026-08-05T04:52:26.322Z  WARN 1 --- [dms] [           main] JpaBaseConfiguration$JpaWebConfiguration : spring.jpa.open-in-view is enabled by default. Therefore, database queries may be performed during view rendering. Explicitly configure spring.jpa.open-in-view to disable this warning
backend-1  | 2026-08-05T04:52:26.425Z TRACE 1 --- [dms] [           main] eGlobalAuthenticationAutowiredConfigurer : Eagerly initializing {securityConfig=com.dms.common.security.SecurityConfig$$SpringCGLIB$$0@bcde468}
backend-1  | 2026-08-05T04:52:26.445Z  INFO 1 --- [dms] [           main] r$InitializeUserDetailsManagerConfigurer : Global AuthenticationManager configured with UserDetailsService bean with name customUserDetailsService
backend-1  | 2026-08-05T04:52:26.638Z DEBUG 1 --- [dms] [           main] o.s.s.web.DefaultSecurityFilterChain     : Will secure any request with filters: DisableEncodeUrlFilter, WebAsyncManagerIntegrationFilter, SecurityContextHolderFilter, HeaderWriterFilter, CorsFilter, LogoutFilter, OAuth2ProtectedResourceMetadataFilter, BearerTokenAuthenticationFilter, RequestCacheAwareFilter, SecurityContextHolderAwareRequestFilter, AnonymousAuthenticationFilter, SessionManagementFilter, ExceptionTranslationFilter, AuthorizationFilter
backend-1  | WARNING: A restricted method in java.lang.System has been called
backend-1  | WARNING: java.lang.System::loadLibrary has been called by io.netty.util.internal.NativeLibraryUtil in an unnamed module (jar:nested:/app/app.jar/!BOOT-INF/lib/netty-common-4.2.15.Final.jar!/)
backend-1  | WARNING: Use --enable-native-access=ALL-UNNAMED to avoid a warning for callers in this module
backend-1  | WARNING: Restricted methods will be blocked in a future release unless native access is enabled
backend-1  | 
backend-1  | 2026-08-05T04:52:27.799Z  INFO 1 --- [dms] [           main] o.s.b.a.e.web.EndpointLinksResolver      : Exposing 1 endpoint beneath base path '/actuator'
backend-1  | 2026-08-05T04:52:27.950Z  INFO 1 --- [dms] [           main] o.s.boot.tomcat.TomcatWebServer          : Tomcat started on port 8080 (http) with context path '/api/v1'
backend-1  | 2026-08-05T04:52:27.969Z  INFO 1 --- [dms] [           main] com.dms.DmsApplication                   : Started DmsApplication in 9.124 seconds (process running for 9.755)
backend-1  | 2026-08-05T04:52:28.302Z DEBUG 1 --- [dms] [   scheduling-1] org.hibernate.SQL                        : 
backend-1  |     select
backend-1  |         d1_0.id,
backend-1  |         d1_0.access_level,
backend-1  |         d1_0.archived_at,
backend-1  |         d1_0.category_id,
backend-1  |         d1_0.created_at,
backend-1  |         d1_0.deleted_at,
backend-1  |         d1_0.deleted_by,
backend-1  |         d1_0.department_id,
backend-1  |         d1_0.description,
backend-1  |         d1_0.document_code,
backend-1  |         d1_0.download_count,
backend-1  |         d1_0.effective_date,
backend-1  |         d1_0.expiry_date,
backend-1  |         d1_0.file_name,
backend-1  |         d1_0.file_size,
backend-1  |         d1_0.file_type,
backend-1  |         d1_0.mime_type,
backend-1  |         d1_0.owner_id,
backend-1  |         d1_0.page_count,
backend-1  |         d1_0.permanently_deleted_at,
backend-1  |         d1_0.preview_object_key,
backend-1  |         d1_0.previous_status,
backend-1  |         d1_0.purge_after,
backend-1  |         d1_0.slug,
backend-1  |         d1_0.status,
backend-1  |         d1_0.storage_path,
backend-1  |         d1_0.thumbnail_path,
backend-1  |         d1_0.title,
backend-1  |         d1_0.updated_at,
backend-1  |         d1_0.upload_expires_at,
backend-1  |         d1_0.uploaded_by,
backend-1  |         d1_0.version_number,
backend-1  |         d1_0.view_count 
backend-1  |     from
backend-1  |         documents d1_0 
backend-1  |     where
backend-1  |         d1_0.status=? 
backend-1  |         and d1_0.upload_expires_at<?
backend-1  | Hibernate: 
backend-1  |     select
backend-1  |         d1_0.id,
backend-1  |         d1_0.access_level,
backend-1  |         d1_0.archived_at,
backend-1  |         d1_0.category_id,
backend-1  |         d1_0.created_at,
backend-1  |         d1_0.deleted_at,
backend-1  |         d1_0.deleted_by,
backend-1  |         d1_0.department_id,
backend-1  |         d1_0.description,
backend-1  |         d1_0.document_code,
backend-1  |         d1_0.download_count,
backend-1  |         d1_0.effective_date,
backend-1  |         d1_0.expiry_date,
backend-1  |         d1_0.file_name,
backend-1  |         d1_0.file_size,
backend-1  |         d1_0.file_type,
backend-1  |         d1_0.mime_type,
backend-1  |         d1_0.owner_id,
backend-1  |         d1_0.page_count,
backend-1  |         d1_0.permanently_deleted_at,
backend-1  |         d1_0.preview_object_key,
backend-1  |         d1_0.previous_status,
backend-1  |         d1_0.purge_after,
backend-1  |         d1_0.slug,
backend-1  |         d1_0.status,
backend-1  |         d1_0.storage_path,
backend-1  |         d1_0.thumbnail_path,
backend-1  |         d1_0.title,
backend-1  |         d1_0.updated_at,
backend-1  |         d1_0.upload_expires_at,
backend-1  |         d1_0.uploaded_by,
backend-1  |         d1_0.version_number,
backend-1  |         d1_0.view_count 
backend-1  |     from
backend-1  |         documents d1_0 
backend-1  |     where
backend-1  |         d1_0.status=? 
backend-1  |         and d1_0.upload_expires_at<?
backend-1  | 2026-08-05T04:52:28.395Z  INFO 1 --- [dms] [nio-8080-exec-1] o.a.c.c.C.[.[localhost].[/api/v1]        : Initializing Spring DispatcherServlet 'dispatcherServlet'
backend-1  | 2026-08-05T04:52:28.395Z  INFO 1 --- [dms] [nio-8080-exec-1] o.s.web.servlet.DispatcherServlet        : Initializing Servlet 'dispatcherServlet'
backend-1  | 2026-08-05T04:52:28.397Z  INFO 1 --- [dms] [nio-8080-exec-1] o.s.web.servlet.DispatcherServlet        : Completed initialization in 2 ms
backend-1  | 2026-08-05T04:52:28.409Z TRACE 1 --- [dms] [nio-8080-exec-1] o.s.security.web.FilterChainProxy        : Trying to match request against DefaultSecurityFilterChain defined as 'securityFilterChain' in [class path resource [com/dms/common/security/SecurityConfig.class]] matching [any request] and having filters [DisableEncodeUrl, WebAsyncManagerIntegration, SecurityContextHolder, HeaderWriter, Cors, Logout, OAuth2ProtectedResourceMetadata, BearerTokenAuthentication, RequestCacheAware, SecurityContextHolderAwareRequest, AnonymousAuthentication, SessionManagement, ExceptionTranslation, Authorization] (1/1)
backend-1  | 2026-08-05T04:52:28.410Z DEBUG 1 --- [dms] [nio-8080-exec-1] o.s.security.web.FilterChainProxy        : Securing GET /actuator/health
backend-1  | 2026-08-05T04:52:28.413Z TRACE 1 --- [dms] [nio-8080-exec-1] o.s.security.web.FilterChainProxy        : Invoking DisableEncodeUrlFilter (1/14)
backend-1  | 2026-08-05T04:52:28.417Z TRACE 1 --- [dms] [nio-8080-exec-1] o.s.security.web.FilterChainProxy        : Invoking WebAsyncManagerIntegrationFilter (2/14)
backend-1  | 2026-08-05T04:52:28.419Z TRACE 1 --- [dms] [nio-8080-exec-1] o.s.security.web.FilterChainProxy        : Invoking SecurityContextHolderFilter (3/14)
backend-1  | 2026-08-05T04:52:28.420Z TRACE 1 --- [dms] [nio-8080-exec-1] o.s.security.web.FilterChainProxy        : Invoking HeaderWriterFilter (4/14)
backend-1  | 2026-08-05T04:52:28.422Z TRACE 1 --- [dms] [nio-8080-exec-1] o.s.security.web.FilterChainProxy        : Invoking CorsFilter (5/14)
backend-1  | 2026-08-05T04:52:28.423Z TRACE 1 --- [dms] [nio-8080-exec-1] o.s.security.web.FilterChainProxy        : Invoking LogoutFilter (6/14)
backend-1  | 2026-08-05T04:52:28.424Z TRACE 1 --- [dms] [nio-8080-exec-1] o.s.s.w.a.logout.LogoutFilter            : Did not match request to Or [PathPattern [GET /logout], PathPattern [POST /logout], PathPattern [PUT /logout], PathPattern [DELETE /logout]]
backend-1  | 2026-08-05T04:52:28.424Z TRACE 1 --- [dms] [nio-8080-exec-1] o.s.security.web.FilterChainProxy        : Invoking OAuth2ProtectedResourceMetadataFilter (7/14)
backend-1  | 2026-08-05T04:52:28.424Z TRACE 1 --- [dms] [nio-8080-exec-1] o.s.security.web.FilterChainProxy        : Invoking BearerTokenAuthenticationFilter (8/14)
backend-1  | 2026-08-05T04:52:28.424Z TRACE 1 --- [dms] [nio-8080-exec-1] .s.r.w.a.BearerTokenAuthenticationFilter : Did not process request since did not find bearer token
backend-1  | 2026-08-05T04:52:28.424Z TRACE 1 --- [dms] [nio-8080-exec-1] o.s.security.web.FilterChainProxy        : Invoking RequestCacheAwareFilter (9/14)
backend-1  | 2026-08-05T04:52:28.424Z TRACE 1 --- [dms] [nio-8080-exec-1] o.s.security.web.FilterChainProxy        : Invoking SecurityContextHolderAwareRequestFilter (10/14)
backend-1  | 2026-08-05T04:52:28.426Z TRACE 1 --- [dms] [nio-8080-exec-1] o.s.security.web.FilterChainProxy        : Invoking AnonymousAuthenticationFilter (11/14)
backend-1  | 2026-08-05T04:52:28.426Z TRACE 1 --- [dms] [nio-8080-exec-1] o.s.security.web.FilterChainProxy        : Invoking SessionManagementFilter (12/14)
backend-1  | 2026-08-05T04:52:28.426Z TRACE 1 --- [dms] [nio-8080-exec-1] .s.s.w.c.SupplierDeferredSecurityContext : Created SecurityContextImpl [Null authentication]
backend-1  | 2026-08-05T04:52:28.428Z TRACE 1 --- [dms] [nio-8080-exec-1] o.s.s.w.a.AnonymousAuthenticationFilter  : Set SecurityContextHolder to AnonymousAuthenticationToken [Principal=anonymousUser, Credentials=[PROTECTED], Authenticated=true, Details=WebAuthenticationDetails [RemoteIpAddress=0:0:0:0:0:0:0:1, SessionId=null], Granted Authorities=[ROLE_ANONYMOUS]]
backend-1  | 2026-08-05T04:52:28.428Z TRACE 1 --- [dms] [nio-8080-exec-1] o.s.security.web.FilterChainProxy        : Invoking ExceptionTranslationFilter (13/14)
backend-1  | 2026-08-05T04:52:28.428Z TRACE 1 --- [dms] [nio-8080-exec-1] o.s.security.web.FilterChainProxy        : Invoking AuthorizationFilter (14/14)
backend-1  | 2026-08-05T04:52:28.431Z TRACE 1 --- [dms] [nio-8080-exec-1] estMatcherDelegatingAuthorizationManager : Authorizing GET /actuator/health
backend-1  | 2026-08-05T04:52:28.431Z TRACE 1 --- [dms] [nio-8080-exec-1] estMatcherDelegatingAuthorizationManager : Checking authorization on GET /actuator/health using org.springframework.security.authorization.SingleResultAuthorizationManager@7ef4dec8
backend-1  | 2026-08-05T04:52:28.440Z DEBUG 1 --- [dms] [nio-8080-exec-1] o.s.security.web.FilterChainProxy        : Secured GET /actuator/health
backend-1  | 2026-08-05T04:52:28.475Z  INFO 1 --- [dms] [nio-8080-exec-1] o.s.a.r.c.CachingConnectionFactory       : Attempting to connect to: [rabbitmq:5672]
backend-1  | 2026-08-05T04:52:28.523Z  INFO 1 --- [dms] [nio-8080-exec-1] o.s.a.r.c.CachingConnectionFactory       : Created new connection: rabbitConnectionFactory#3a5c472:0/SimpleConnection@7b74928e [delegate=amqp://dms@172.19.0.3:5672/, localPort=39176]
backend-1  | 2026-08-05T04:52:29.055Z TRACE 1 --- [dms] [nio-8080-exec-1] o.s.s.w.header.writers.HstsHeaderWriter  : Not injecting HSTS header since it did not match request to [Is Secure]
backend-1  | 2026-08-05T04:52:59.115Z TRACE 1 --- [dms] [nio-8080-exec-4] o.s.security.web.FilterChainProxy        : Trying to match request against DefaultSecurityFilterChain defined as 'securityFilterChain' in [class path resource [com/dms/common/security/SecurityConfig.class]] matching [any request] and having filters [DisableEncodeUrl, WebAsyncManagerIntegration, SecurityContextHolder, HeaderWriter, Cors, Logout, OAuth2ProtectedResourceMetadata, BearerTokenAuthentication, RequestCacheAware, SecurityContextHolderAwareRequest, AnonymousAuthentication, SessionManagement, ExceptionTranslation, Authorization] (1/1)
backend-1  | 2026-08-05T04:52:59.115Z DEBUG 1 --- [dms] [nio-8080-exec-4] o.s.security.web.FilterChainProxy        : Securing GET /actuator/health
backend-1  | 2026-08-05T04:52:59.115Z TRACE 1 --- [dms] [nio-8080-exec-4] o.s.security.web.FilterChainProxy        : Invoking DisableEncodeUrlFilter (1/14)
backend-1  | 2026-08-05T04:52:59.116Z TRACE 1 --- [dms] [nio-8080-exec-4] o.s.security.web.FilterChainProxy        : Invoking WebAsyncManagerIntegrationFilter (2/14)
backend-1  | 2026-08-05T04:52:59.116Z TRACE 1 --- [dms] [nio-8080-exec-4] o.s.security.web.FilterChainProxy        : Invoking SecurityContextHolderFilter (3/14)
backend-1  | 2026-08-05T04:52:59.116Z TRACE 1 --- [dms] [nio-8080-exec-4] o.s.security.web.FilterChainProxy        : Invoking HeaderWriterFilter (4/14)
backend-1  | 2026-08-05T04:52:59.116Z TRACE 1 --- [dms] [nio-8080-exec-4] o.s.security.web.FilterChainProxy        : Invoking CorsFilter (5/14)
backend-1  | 2026-08-05T04:52:59.117Z TRACE 1 --- [dms] [nio-8080-exec-4] o.s.security.web.FilterChainProxy        : Invoking LogoutFilter (6/14)
backend-1  | 2026-08-05T04:52:59.117Z TRACE 1 --- [dms] [nio-8080-exec-4] o.s.s.w.a.logout.LogoutFilter            : Did not match request to Or [PathPattern [GET /logout], PathPattern [POST /logout], PathPattern [PUT /logout], PathPattern [DELETE /logout]]
backend-1  | 2026-08-05T04:52:59.117Z TRACE 1 --- [dms] [nio-8080-exec-4] o.s.security.web.FilterChainProxy        : Invoking OAuth2ProtectedResourceMetadataFilter (7/14)
backend-1  | 2026-08-05T04:52:59.117Z TRACE 1 --- [dms] [nio-8080-exec-4] o.s.security.web.FilterChainProxy        : Invoking BearerTokenAuthenticationFilter (8/14)
backend-1  | 2026-08-05T04:52:59.118Z TRACE 1 --- [dms] [nio-8080-exec-4] .s.r.w.a.BearerTokenAuthenticationFilter : Did not process request since did not find bearer token
backend-1  | 2026-08-05T04:52:59.118Z TRACE 1 --- [dms] [nio-8080-exec-4] o.s.security.web.FilterChainProxy        : Invoking RequestCacheAwareFilter (9/14)
backend-1  | 2026-08-05T04:52:59.118Z TRACE 1 --- [dms] [nio-8080-exec-4] o.s.security.web.FilterChainProxy        : Invoking SecurityContextHolderAwareRequestFilter (10/14)
backend-1  | 2026-08-05T04:52:59.118Z TRACE 1 --- [dms] [nio-8080-exec-4] o.s.security.web.FilterChainProxy        : Invoking AnonymousAuthenticationFilter (11/14)
backend-1  | 2026-08-05T04:52:59.118Z TRACE 1 --- [dms] [nio-8080-exec-4] o.s.security.web.FilterChainProxy        : Invoking SessionManagementFilter (12/14)
backend-1  | 2026-08-05T04:52:59.118Z TRACE 1 --- [dms] [nio-8080-exec-4] .s.s.w.c.SupplierDeferredSecurityContext : Created SecurityContextImpl [Null authentication]
backend-1  | 2026-08-05T04:52:59.119Z TRACE 1 --- [dms] [nio-8080-exec-4] o.s.s.w.a.AnonymousAuthenticationFilter  : Set SecurityContextHolder to AnonymousAuthenticationToken [Principal=anonymousUser, Credentials=[PROTECTED], Authenticated=true, Details=WebAuthenticationDetails [RemoteIpAddress=0:0:0:0:0:0:0:1, SessionId=null], Granted Authorities=[ROLE_ANONYMOUS]]
backend-1  | 2026-08-05T04:52:59.119Z TRACE 1 --- [dms] [nio-8080-exec-4] o.s.security.web.FilterChainProxy        : Invoking ExceptionTranslationFilter (13/14)
backend-1  | 2026-08-05T04:52:59.119Z TRACE 1 --- [dms] [nio-8080-exec-4] o.s.security.web.FilterChainProxy        : Invoking AuthorizationFilter (14/14)
backend-1  | 2026-08-05T04:52:59.119Z TRACE 1 --- [dms] [nio-8080-exec-4] estMatcherDelegatingAuthorizationManager : Authorizing GET /actuator/health
backend-1  | 2026-08-05T04:52:59.120Z TRACE 1 --- [dms] [nio-8080-exec-4] estMatcherDelegatingAuthorizationManager : Checking authorization on GET /actuator/health using org.springframework.security.authorization.SingleResultAuthorizationManager@7ef4dec8
backend-1  | 2026-08-05T04:52:59.120Z DEBUG 1 --- [dms] [nio-8080-exec-4] o.s.security.web.FilterChainProxy        : Secured GET /actuator/health
backend-1  | 2026-08-05T04:52:59.130Z TRACE 1 --- [dms] [nio-8080-exec-4] o.s.s.w.header.writers.HstsHeaderWriter  : Not injecting HSTS header since it did not match request to [Is Secure]
backend-1  | 2026-08-05T04:53:29.189Z TRACE 1 --- [dms] [nio-8080-exec-5] o.s.security.web.FilterChainProxy        : Trying to match request against DefaultSecurityFilterChain defined as 'securityFilterChain' in [class path resource [com/dms/common/security/SecurityConfig.class]] matching [any request] and having filters [DisableEncodeUrl, WebAsyncManagerIntegration, SecurityContextHolder, HeaderWriter, Cors, Logout, OAuth2ProtectedResourceMetadata, BearerTokenAuthentication, RequestCacheAware, SecurityContextHolderAwareRequest, AnonymousAuthentication, SessionManagement, ExceptionTranslation, Authorization] (1/1)
backend-1  | 2026-08-05T04:53:29.189Z DEBUG 1 --- [dms] [nio-8080-exec-5] o.s.security.web.FilterChainProxy        : Securing GET /actuator/health
backend-1  | 2026-08-05T04:53:29.189Z TRACE 1 --- [dms] [nio-8080-exec-5] o.s.security.web.FilterChainProxy        : Invoking DisableEncodeUrlFilter (1/14)
backend-1  | 2026-08-05T04:53:29.189Z TRACE 1 --- [dms] [nio-8080-exec-5] o.s.security.web.FilterChainProxy        : Invoking WebAsyncManagerIntegrationFilter (2/14)
backend-1  | 2026-08-05T04:53:29.189Z TRACE 1 --- [dms] [nio-8080-exec-5] o.s.security.web.FilterChainProxy        : Invoking SecurityContextHolderFilter (3/14)
backend-1  | 2026-08-05T04:53:29.190Z TRACE 1 --- [dms] [nio-8080-exec-5] o.s.security.web.FilterChainProxy        : Invoking HeaderWriterFilter (4/14)
backend-1  | 2026-08-05T04:53:29.190Z TRACE 1 --- [dms] [nio-8080-exec-5] o.s.security.web.FilterChainProxy        : Invoking CorsFilter (5/14)
backend-1  | 2026-08-05T04:53:29.190Z TRACE 1 --- [dms] [nio-8080-exec-5] o.s.security.web.FilterChainProxy        : Invoking LogoutFilter (6/14)
backend-1  | 2026-08-05T04:53:29.190Z TRACE 1 --- [dms] [nio-8080-exec-5] o.s.s.w.a.logout.LogoutFilter            : Did not match request to Or [PathPattern [GET /logout], PathPattern [POST /logout], PathPattern [PUT /logout], PathPattern [DELETE /logout]]
backend-1  | 2026-08-05T04:53:29.191Z TRACE 1 --- [dms] [nio-8080-exec-5] o.s.security.web.FilterChainProxy        : Invoking OAuth2ProtectedResourceMetadataFilter (7/14)
backend-1  | 2026-08-05T04:53:29.191Z TRACE 1 --- [dms] [nio-8080-exec-5] o.s.security.web.FilterChainProxy        : Invoking BearerTokenAuthenticationFilter (8/14)
backend-1  | 2026-08-05T04:53:29.191Z TRACE 1 --- [dms] [nio-8080-exec-5] .s.r.w.a.BearerTokenAuthenticationFilter : Did not process request since did not find bearer token
backend-1  | 2026-08-05T04:53:29.191Z TRACE 1 --- [dms] [nio-8080-exec-5] o.s.security.web.FilterChainProxy        : Invoking RequestCacheAwareFilter (9/14)
backend-1  | 2026-08-05T04:53:29.191Z TRACE 1 --- [dms] [nio-8080-exec-5] o.s.security.web.FilterChainProxy        : Invoking SecurityContextHolderAwareRequestFilter (10/14)
backend-1  | 2026-08-05T04:53:29.192Z TRACE 1 --- [dms] [nio-8080-exec-5] o.s.security.web.FilterChainProxy        : Invoking AnonymousAuthenticationFilter (11/14)
backend-1  | 2026-08-05T04:53:29.192Z TRACE 1 --- [dms] [nio-8080-exec-5] o.s.security.web.FilterChainProxy        : Invoking SessionManagementFilter (12/14)
backend-1  | 2026-08-05T04:53:29.192Z TRACE 1 --- [dms] [nio-8080-exec-5] .s.s.w.c.SupplierDeferredSecurityContext : Created SecurityContextImpl [Null authentication]
backend-1  | 2026-08-05T04:53:29.192Z TRACE 1 --- [dms] [nio-8080-exec-5] o.s.s.w.a.AnonymousAuthenticationFilter  : Set SecurityContextHolder to AnonymousAuthenticationToken [Principal=anonymousUser, Credentials=[PROTECTED], Authenticated=true, Details=WebAuthenticationDetails [RemoteIpAddress=0:0:0:0:0:0:0:1, SessionId=null], Granted Authorities=[ROLE_ANONYMOUS]]
backend-1  | 2026-08-05T04:53:29.193Z TRACE 1 --- [dms] [nio-8080-exec-5] o.s.security.web.FilterChainProxy        : Invoking ExceptionTranslationFilter (13/14)
backend-1  | 2026-08-05T04:53:29.193Z TRACE 1 --- [dms] [nio-8080-exec-5] o.s.security.web.FilterChainProxy        : Invoking AuthorizationFilter (14/14)
backend-1  | 2026-08-05T04:53:29.193Z TRACE 1 --- [dms] [nio-8080-exec-5] estMatcherDelegatingAuthorizationManager : Authorizing GET /actuator/health
backend-1  | 2026-08-05T04:53:29.193Z TRACE 1 --- [dms] [nio-8080-exec-5] estMatcherDelegatingAuthorizationManager : Checking authorization on GET /actuator/health using org.springframework.security.authorization.SingleResultAuthorizationManager@7ef4dec8
backend-1  | 2026-08-05T04:53:29.194Z DEBUG 1 --- [dms] [nio-8080-exec-5] o.s.security.web.FilterChainProxy        : Secured GET /actuator/health
backend-1  | 2026-08-05T04:53:29.200Z TRACE 1 --- [dms] [nio-8080-exec-5] o.s.s.w.header.writers.HstsHeaderWriter  : Not injecting HSTS header since it did not match request to [Is Secure]
backend-1  | 2026-08-05T04:53:59.266Z TRACE 1 --- [dms] [nio-8080-exec-7] o.s.security.web.FilterChainProxy        : Trying to match request against DefaultSecurityFilterChain defined as 'securityFilterChain' in [class path resource [com/dms/common/security/SecurityConfig.class]] matching [any request] and having filters [DisableEncodeUrl, WebAsyncManagerIntegration, SecurityContextHolder, HeaderWriter, Cors, Logout, OAuth2ProtectedResourceMetadata, BearerTokenAuthentication, RequestCacheAware, SecurityContextHolderAwareRequest, AnonymousAuthentication, SessionManagement, ExceptionTranslation, Authorization] (1/1)
backend-1  | 2026-08-05T04:53:59.267Z DEBUG 1 --- [dms] [nio-8080-exec-7] o.s.security.web.FilterChainProxy        : Securing GET /actuator/health
backend-1  | 2026-08-05T04:53:59.267Z TRACE 1 --- [dms] [nio-8080-exec-7] o.s.security.web.FilterChainProxy        : Invoking DisableEncodeUrlFilter (1/14)
backend-1  | 2026-08-05T04:53:59.267Z TRACE 1 --- [dms] [nio-8080-exec-7] o.s.security.web.FilterChainProxy        : Invoking WebAsyncManagerIntegrationFilter (2/14)
backend-1  | 2026-08-05T04:53:59.267Z TRACE 1 --- [dms] [nio-8080-exec-7] o.s.security.web.FilterChainProxy        : Invoking SecurityContextHolderFilter (3/14)
backend-1  | 2026-08-05T04:53:59.268Z TRACE 1 --- [dms] [nio-8080-exec-7] o.s.security.web.FilterChainProxy        : Invoking HeaderWriterFilter (4/14)
backend-1  | 2026-08-05T04:53:59.268Z TRACE 1 --- [dms] [nio-8080-exec-7] o.s.security.web.FilterChainProxy        : Invoking CorsFilter (5/14)
backend-1  | 2026-08-05T04:53:59.268Z TRACE 1 --- [dms] [nio-8080-exec-7] o.s.security.web.FilterChainProxy        : Invoking LogoutFilter (6/14)
backend-1  | 2026-08-05T04:53:59.268Z TRACE 1 --- [dms] [nio-8080-exec-7] o.s.s.w.a.logout.LogoutFilter            : Did not match request to Or [PathPattern [GET /logout], PathPattern [POST /logout], PathPattern [PUT /logout], PathPattern [DELETE /logout]]
backend-1  | 2026-08-05T04:53:59.268Z TRACE 1 --- [dms] [nio-8080-exec-7] o.s.security.web.FilterChainProxy        : Invoking OAuth2ProtectedResourceMetadataFilter (7/14)
backend-1  | 2026-08-05T04:53:59.269Z TRACE 1 --- [dms] [nio-8080-exec-7] o.s.security.web.FilterChainProxy        : Invoking BearerTokenAuthenticationFilter (8/14)
backend-1  | 2026-08-05T04:53:59.269Z TRACE 1 --- [dms] [nio-8080-exec-7] .s.r.w.a.BearerTokenAuthenticationFilter : Did not process request since did not find bearer token
backend-1  | 2026-08-05T04:53:59.269Z TRACE 1 --- [dms] [nio-8080-exec-7] o.s.security.web.FilterChainProxy        : Invoking RequestCacheAwareFilter (9/14)
backend-1  | 2026-08-05T04:53:59.269Z TRACE 1 --- [dms] [nio-8080-exec-7] o.s.security.web.FilterChainProxy        : Invoking SecurityContextHolderAwareRequestFilter (10/14)
backend-1  | 2026-08-05T04:53:59.269Z TRACE 1 --- [dms] [nio-8080-exec-7] o.s.security.web.FilterChainProxy        : Invoking AnonymousAuthenticationFilter (11/14)
backend-1  | 2026-08-05T04:53:59.269Z TRACE 1 --- [dms] [nio-8080-exec-7] o.s.security.web.FilterChainProxy        : Invoking SessionManagementFilter (12/14)
backend-1  | 2026-08-05T04:53:59.269Z TRACE 1 --- [dms] [nio-8080-exec-7] .s.s.w.c.SupplierDeferredSecurityContext : Created SecurityContextImpl [Null authentication]
backend-1  | 2026-08-05T04:53:59.270Z TRACE 1 --- [dms] [nio-8080-exec-7] o.s.s.w.a.AnonymousAuthenticationFilter  : Set SecurityContextHolder to AnonymousAuthenticationToken [Principal=anonymousUser, Credentials=[PROTECTED], Authenticated=true, Details=WebAuthenticationDetails [RemoteIpAddress=0:0:0:0:0:0:0:1, SessionId=null], Granted Authorities=[ROLE_ANONYMOUS]]
backend-1  | 2026-08-05T04:53:59.270Z TRACE 1 --- [dms] [nio-8080-exec-7] o.s.security.web.FilterChainProxy        : Invoking ExceptionTranslationFilter (13/14)
backend-1  | 2026-08-05T04:53:59.270Z TRACE 1 --- [dms] [nio-8080-exec-7] o.s.security.web.FilterChainProxy        : Invoking AuthorizationFilter (14/14)
backend-1  | 2026-08-05T04:53:59.270Z TRACE 1 --- [dms] [nio-8080-exec-7] estMatcherDelegatingAuthorizationManager : Authorizing GET /actuator/health
backend-1  | 2026-08-05T04:53:59.271Z TRACE 1 --- [dms] [nio-8080-exec-7] estMatcherDelegatingAuthorizationManager : Checking authorization on GET /actuator/health using org.springframework.security.authorization.SingleResultAuthorizationManager@7ef4dec8
backend-1  | 2026-08-05T04:53:59.271Z DEBUG 1 --- [dms] [nio-8080-exec-7] o.s.security.web.FilterChainProxy        : Secured GET /actuator/health
backend-1  | 2026-08-05T04:53:59.277Z TRACE 1 --- [dms] [nio-8080-exec-7] o.s.s.w.header.writers.HstsHeaderWriter  : Not injecting HSTS header since it did not match request to [Is Secure]
backend-1  | 2026-08-05T04:54:12.033Z TRACE 1 --- [dms] [nio-8080-exec-9] o.s.security.web.FilterChainProxy        : Trying to match request against DefaultSecurityFilterChain defined as 'securityFilterChain' in [class path resource [com/dms/common/security/SecurityConfig.class]] matching [any request] and having filters [DisableEncodeUrl, WebAsyncManagerIntegration, SecurityContextHolder, HeaderWriter, Cors, Logout, OAuth2ProtectedResourceMetadata, BearerTokenAuthentication, RequestCacheAware, SecurityContextHolderAwareRequest, AnonymousAuthentication, SessionManagement, ExceptionTranslation, Authorization] (1/1)
backend-1  | 2026-08-05T04:54:12.034Z DEBUG 1 --- [dms] [nio-8080-exec-9] o.s.security.web.FilterChainProxy        : Securing POST /auth/login
backend-1  | 2026-08-05T04:54:12.034Z TRACE 1 --- [dms] [nio-8080-exec-9] o.s.security.web.FilterChainProxy        : Invoking DisableEncodeUrlFilter (1/14)
backend-1  | 2026-08-05T04:54:12.034Z TRACE 1 --- [dms] [nio-8080-exec-9] o.s.security.web.FilterChainProxy        : Invoking WebAsyncManagerIntegrationFilter (2/14)
backend-1  | 2026-08-05T04:54:12.035Z TRACE 1 --- [dms] [nio-8080-exec-9] o.s.security.web.FilterChainProxy        : Invoking SecurityContextHolderFilter (3/14)
backend-1  | 2026-08-05T04:54:12.035Z TRACE 1 --- [dms] [nio-8080-exec-9] o.s.security.web.FilterChainProxy        : Invoking HeaderWriterFilter (4/14)
backend-1  | 2026-08-05T04:54:12.035Z TRACE 1 --- [dms] [nio-8080-exec-9] o.s.security.web.FilterChainProxy        : Invoking CorsFilter (5/14)
backend-1  | 2026-08-05T04:54:12.035Z TRACE 1 --- [dms] [nio-8080-exec-9] o.s.security.web.FilterChainProxy        : Invoking LogoutFilter (6/14)
backend-1  | 2026-08-05T04:54:12.036Z TRACE 1 --- [dms] [nio-8080-exec-9] o.s.s.w.a.logout.LogoutFilter            : Did not match request to Or [PathPattern [GET /logout], PathPattern [POST /logout], PathPattern [PUT /logout], PathPattern [DELETE /logout]]
backend-1  | 2026-08-05T04:54:12.036Z TRACE 1 --- [dms] [nio-8080-exec-9] o.s.security.web.FilterChainProxy        : Invoking OAuth2ProtectedResourceMetadataFilter (7/14)
backend-1  | 2026-08-05T04:54:12.036Z TRACE 1 --- [dms] [nio-8080-exec-9] o.s.security.web.FilterChainProxy        : Invoking BearerTokenAuthenticationFilter (8/14)
backend-1  | 2026-08-05T04:54:12.036Z TRACE 1 --- [dms] [nio-8080-exec-9] .s.r.w.a.BearerTokenAuthenticationFilter : Did not process request since did not find bearer token
backend-1  | 2026-08-05T04:54:12.036Z TRACE 1 --- [dms] [nio-8080-exec-9] o.s.security.web.FilterChainProxy        : Invoking RequestCacheAwareFilter (9/14)
backend-1  | 2026-08-05T04:54:12.036Z TRACE 1 --- [dms] [nio-8080-exec-9] o.s.security.web.FilterChainProxy        : Invoking SecurityContextHolderAwareRequestFilter (10/14)
backend-1  | 2026-08-05T04:54:12.037Z TRACE 1 --- [dms] [nio-8080-exec-9] o.s.security.web.FilterChainProxy        : Invoking AnonymousAuthenticationFilter (11/14)
backend-1  | 2026-08-05T04:54:12.037Z TRACE 1 --- [dms] [nio-8080-exec-9] o.s.security.web.FilterChainProxy        : Invoking SessionManagementFilter (12/14)
backend-1  | 2026-08-05T04:54:12.037Z TRACE 1 --- [dms] [nio-8080-exec-9] .s.s.w.c.SupplierDeferredSecurityContext : Created SecurityContextImpl [Null authentication]
backend-1  | 2026-08-05T04:54:12.037Z TRACE 1 --- [dms] [nio-8080-exec-9] o.s.s.w.a.AnonymousAuthenticationFilter  : Set SecurityContextHolder to AnonymousAuthenticationToken [Principal=anonymousUser, Credentials=[PROTECTED], Authenticated=true, Details=WebAuthenticationDetails [RemoteIpAddress=172.19.0.1, SessionId=null], Granted Authorities=[ROLE_ANONYMOUS]]
backend-1  | 2026-08-05T04:54:12.037Z TRACE 1 --- [dms] [nio-8080-exec-9] o.s.security.web.FilterChainProxy        : Invoking ExceptionTranslationFilter (13/14)
backend-1  | 2026-08-05T04:54:12.038Z TRACE 1 --- [dms] [nio-8080-exec-9] o.s.security.web.FilterChainProxy        : Invoking AuthorizationFilter (14/14)
backend-1  | 2026-08-05T04:54:12.038Z TRACE 1 --- [dms] [nio-8080-exec-9] estMatcherDelegatingAuthorizationManager : Authorizing POST /auth/login
backend-1  | 2026-08-05T04:54:12.038Z TRACE 1 --- [dms] [nio-8080-exec-9] estMatcherDelegatingAuthorizationManager : Checking authorization on POST /auth/login using org.springframework.security.authorization.SingleResultAuthorizationManager@7ef4dec8
backend-1  | 2026-08-05T04:54:12.039Z DEBUG 1 --- [dms] [nio-8080-exec-9] o.s.security.web.FilterChainProxy        : Secured POST /auth/login
backend-1  | 2026-08-05T04:54:12.160Z DEBUG 1 --- [dms] [nio-8080-exec-9] org.hibernate.SQL                        : 
backend-1  |     select
backend-1  |         u1_0.id,
backend-1  |         u1_0.avatar,
backend-1  |         u1_0.created_at,
backend-1  |         u1_0.deleted_at,
backend-1  |         u1_0.department_id,
backend-1  |         u1_0.email,
backend-1  |         u1_0.last_login,
backend-1  |         u1_0.name,
backend-1  |         u1_0.password,
backend-1  |         u1_0.phone,
backend-1  |         u1_0.role,
backend-1  |         u1_0.status,
backend-1  |         u1_0.updated_at 
backend-1  |     from
backend-1  |         users u1_0 
backend-1  |     where
backend-1  |         u1_0.email=? 
backend-1  |         and u1_0.deleted_at is null
backend-1  | Hibernate: 
backend-1  |     select
backend-1  |         u1_0.id,
backend-1  |         u1_0.avatar,
backend-1  |         u1_0.created_at,
backend-1  |         u1_0.deleted_at,
backend-1  |         u1_0.department_id,
backend-1  |         u1_0.email,
backend-1  |         u1_0.last_login,
backend-1  |         u1_0.name,
backend-1  |         u1_0.password,
backend-1  |         u1_0.phone,
backend-1  |         u1_0.role,
backend-1  |         u1_0.status,
backend-1  |         u1_0.updated_at 
backend-1  |     from
backend-1  |         users u1_0 
backend-1  |     where
backend-1  |         u1_0.email=? 
backend-1  |         and u1_0.deleted_at is null
backend-1  | 2026-08-05T04:54:12.276Z DEBUG 1 --- [dms] [nio-8080-exec-9] org.hibernate.SQL                        : 
backend-1  |     insert 
backend-1  |     into
backend-1  |         refresh_tokens
backend-1  |         (device_info, expires_at, ip_address, revoked, token, user_id) 
backend-1  |     values
backend-1  |         (?, ?, ?, ?, ?, ?)
backend-1  | Hibernate: 
backend-1  |     insert 
backend-1  |     into
backend-1  |         refresh_tokens
backend-1  |         (device_info, expires_at, ip_address, revoked, token, user_id) 
backend-1  |     values
backend-1  |         (?, ?, ?, ?, ?, ?)
backend-1  | 2026-08-05T04:54:12.354Z DEBUG 1 --- [dms] [nio-8080-exec-9] org.hibernate.SQL                        : 
backend-1  |     update
backend-1  |         users 
backend-1  |     set
backend-1  |         avatar=?,
backend-1  |         deleted_at=?,
backend-1  |         department_id=?,
backend-1  |         email=?,
backend-1  |         last_login=?,
backend-1  |         name=?,
backend-1  |         password=?,
backend-1  |         phone=?,
backend-1  |         role=?,
backend-1  |         status=?,
backend-1  |         updated_at=? 
backend-1  |     where
backend-1  |         id=?
backend-1  | Hibernate: 
backend-1  |     update
backend-1  |         users 
backend-1  |     set
backend-1  |         avatar=?,
backend-1  |         deleted_at=?,
backend-1  |         department_id=?,
backend-1  |         email=?,
backend-1  |         last_login=?,
backend-1  |         name=?,
backend-1  |         password=?,
backend-1  |         phone=?,
backend-1  |         role=?,
backend-1  |         status=?,
backend-1  |         updated_at=? 
backend-1  |     where
backend-1  |         id=?
backend-1  | 2026-08-05T04:54:12.417Z TRACE 1 --- [dms] [nio-8080-exec-9] o.s.s.w.header.writers.HstsHeaderWriter  : Not injecting HSTS header since it did not match request to [Is Secure]
backend-1  | 2026-08-05T04:54:12.438Z TRACE 1 --- [dms] [io-8080-exec-10] o.s.security.web.FilterChainProxy        : Trying to match request against DefaultSecurityFilterChain defined as 'securityFilterChain' in [class path resource [com/dms/common/security/SecurityConfig.class]] matching [any request] and having filters [DisableEncodeUrl, WebAsyncManagerIntegration, SecurityContextHolder, HeaderWriter, Cors, Logout, OAuth2ProtectedResourceMetadata, BearerTokenAuthentication, RequestCacheAware, SecurityContextHolderAwareRequest, AnonymousAuthentication, SessionManagement, ExceptionTranslation, Authorization] (1/1)
backend-1  | 2026-08-05T04:54:12.438Z DEBUG 1 --- [dms] [io-8080-exec-10] o.s.security.web.FilterChainProxy        : Securing GET /documents/search?page=0&size=10&sort=relevance
backend-1  | 2026-08-05T04:54:12.439Z TRACE 1 --- [dms] [io-8080-exec-10] o.s.security.web.FilterChainProxy        : Invoking DisableEncodeUrlFilter (1/14)
backend-1  | 2026-08-05T04:54:12.439Z TRACE 1 --- [dms] [io-8080-exec-10] o.s.security.web.FilterChainProxy        : Invoking WebAsyncManagerIntegrationFilter (2/14)
backend-1  | 2026-08-05T04:54:12.439Z TRACE 1 --- [dms] [io-8080-exec-10] o.s.security.web.FilterChainProxy        : Invoking SecurityContextHolderFilter (3/14)
backend-1  | 2026-08-05T04:54:12.439Z TRACE 1 --- [dms] [io-8080-exec-10] o.s.security.web.FilterChainProxy        : Invoking HeaderWriterFilter (4/14)
backend-1  | 2026-08-05T04:54:12.439Z TRACE 1 --- [dms] [io-8080-exec-10] o.s.security.web.FilterChainProxy        : Invoking CorsFilter (5/14)
backend-1  | 2026-08-05T04:54:12.439Z TRACE 1 --- [dms] [io-8080-exec-10] o.s.security.web.FilterChainProxy        : Invoking LogoutFilter (6/14)
backend-1  | 2026-08-05T04:54:12.440Z TRACE 1 --- [dms] [io-8080-exec-10] o.s.s.w.a.logout.LogoutFilter            : Did not match request to Or [PathPattern [GET /logout], PathPattern [POST /logout], PathPattern [PUT /logout], PathPattern [DELETE /logout]]
backend-1  | 2026-08-05T04:54:12.440Z TRACE 1 --- [dms] [io-8080-exec-10] o.s.security.web.FilterChainProxy        : Invoking OAuth2ProtectedResourceMetadataFilter (7/14)
backend-1  | 2026-08-05T04:54:12.440Z TRACE 1 --- [dms] [io-8080-exec-10] o.s.security.web.FilterChainProxy        : Invoking BearerTokenAuthenticationFilter (8/14)
backend-1  | 2026-08-05T04:54:12.442Z TRACE 1 --- [dms] [io-8080-exec-10] o.s.s.authentication.ProviderManager     : Authenticating request with JwtAuthenticationProvider (1/2)
backend-1  | 2026-08-05T04:54:12.452Z DEBUG 1 --- [dms] [io-8080-exec-10] o.s.s.o.s.r.a.JwtAuthenticationProvider  : Authenticated token
backend-1  | 2026-08-05T04:54:12.453Z TRACE 1 --- [dms] [io-8080-exec-10] .s.s.w.c.SupplierDeferredSecurityContext : Created SecurityContextImpl [Null authentication]
backend-1  | 2026-08-05T04:54:12.454Z DEBUG 1 --- [dms] [io-8080-exec-10] .s.r.w.a.BearerTokenAuthenticationFilter : Set SecurityContextHolder to JwtAuthenticationToken [Principal=org.springframework.security.oauth2.server.resource.authentication.JwtAuthenticationConverter$JwtAuthenticatedPrincipal@e05cdb73, Credentials=[PROTECTED], Authenticated=true, Details=WebAuthenticationDetails [RemoteIpAddress=172.19.0.1, SessionId=null], Granted Authorities=[FactorGrantedAuthority [authority=FACTOR_BEARER, issuedAt=2026-08-05T04:54:12.451268692Z], ROLE_ADMIN]]
backend-1  | 2026-08-05T04:54:12.454Z TRACE 1 --- [dms] [io-8080-exec-10] o.s.security.web.FilterChainProxy        : Invoking RequestCacheAwareFilter (9/14)
backend-1  | 2026-08-05T04:54:12.454Z TRACE 1 --- [dms] [io-8080-exec-10] o.s.security.web.FilterChainProxy        : Invoking SecurityContextHolderAwareRequestFilter (10/14)
backend-1  | 2026-08-05T04:54:12.454Z TRACE 1 --- [dms] [io-8080-exec-10] o.s.security.web.FilterChainProxy        : Invoking AnonymousAuthenticationFilter (11/14)
backend-1  | 2026-08-05T04:54:12.454Z TRACE 1 --- [dms] [io-8080-exec-10] o.s.security.web.FilterChainProxy        : Invoking SessionManagementFilter (12/14)
backend-1  | 2026-08-05T04:54:12.455Z TRACE 1 --- [dms] [io-8080-exec-10] o.s.s.w.a.AnonymousAuthenticationFilter  : Did not set SecurityContextHolder since already authenticated JwtAuthenticationToken [Principal=org.springframework.security.oauth2.server.resource.authentication.JwtAuthenticationConverter$JwtAuthenticatedPrincipal@e05cdb73, Credentials=[PROTECTED], Authenticated=true, Details=WebAuthenticationDetails [RemoteIpAddress=172.19.0.1, SessionId=null], Granted Authorities=[FactorGrantedAuthority [authority=FACTOR_BEARER, issuedAt=2026-08-05T04:54:12.451268692Z], ROLE_ADMIN]]
backend-1  | 2026-08-05T04:54:12.455Z TRACE 1 --- [dms] [io-8080-exec-10] s.CompositeSessionAuthenticationStrategy : Preparing session with ChangeSessionIdAuthenticationStrategy (1/1)
backend-1  | 2026-08-05T04:54:12.456Z TRACE 1 --- [dms] [io-8080-exec-10] o.s.security.web.FilterChainProxy        : Invoking ExceptionTranslationFilter (13/14)
backend-1  | 2026-08-05T04:54:12.456Z TRACE 1 --- [dms] [io-8080-exec-10] o.s.security.web.FilterChainProxy        : Invoking AuthorizationFilter (14/14)
backend-1  | 2026-08-05T04:54:12.456Z TRACE 1 --- [dms] [io-8080-exec-10] estMatcherDelegatingAuthorizationManager : Authorizing GET /documents/search?page=0&size=10&sort=relevance
backend-1  | 2026-08-05T04:54:12.457Z TRACE 1 --- [dms] [io-8080-exec-10] estMatcherDelegatingAuthorizationManager : Checking authorization on GET /documents/search?page=0&size=10&sort=relevance using org.springframework.security.authorization.AuthenticatedAuthorizationManager@6912008b
backend-1  | 2026-08-05T04:54:12.457Z DEBUG 1 --- [dms] [io-8080-exec-10] o.s.security.web.FilterChainProxy        : Secured GET /documents/search?page=0&size=10&sort=relevance
backend-1  | DEBUG: Extracted email from authentication: admin@dms.com
backend-1  | 2026-08-05T04:54:12.478Z DEBUG 1 --- [dms] [io-8080-exec-10] org.hibernate.SQL                        : 
backend-1  |     select
backend-1  |         u1_0.id,
backend-1  |         u1_0.avatar,
backend-1  |         u1_0.created_at,
backend-1  |         u1_0.deleted_at,
backend-1  |         u1_0.department_id,
backend-1  |         u1_0.email,
backend-1  |         u1_0.last_login,
backend-1  |         u1_0.name,
backend-1  |         u1_0.password,
backend-1  |         u1_0.phone,
backend-1  |         u1_0.role,
backend-1  |         u1_0.status,
backend-1  |         u1_0.updated_at 
backend-1  |     from
backend-1  |         users u1_0 
backend-1  |     where
backend-1  |         u1_0.email=? 
backend-1  |         and u1_0.deleted_at is null
backend-1  | Hibernate: 
backend-1  |     select
backend-1  |         u1_0.id,
backend-1  |         u1_0.avatar,
backend-1  |         u1_0.created_at,
backend-1  |         u1_0.deleted_at,
backend-1  |         u1_0.department_id,
backend-1  |         u1_0.email,
backend-1  |         u1_0.last_login,
backend-1  |         u1_0.name,
backend-1  |         u1_0.password,
backend-1  |         u1_0.phone,
backend-1  |         u1_0.role,
backend-1  |         u1_0.status,
backend-1  |         u1_0.updated_at 
backend-1  |     from
backend-1  |         users u1_0 
backend-1  |     where
backend-1  |         u1_0.email=? 
backend-1  |         and u1_0.deleted_at is null
backend-1  | 2026-08-05T04:54:12.548Z ERROR 1 --- [dms] [io-8080-exec-10] c.d.c.exception.GlobalExceptionHandler   : Unhandled exception
backend-1  | 
backend-1  | org.springframework.jdbc.UncategorizedSQLException: PreparedStatementCallback; uncategorized SQLException for SQL [INSERT INTO search_logs (user_id, keyword, filters, result_count, latency_ms)
backend-1  | VALUES (?, ?, CAST(? AS jsonb), ?, ?)
backend-1  | ]; SQL state [25006]; error code [0]; ERROR: cannot execute INSERT in a read-only transaction
backend-1  | 	at org.springframework.jdbc.core.JdbcTemplate.translateException(JdbcTemplate.java:1550) ~[spring-jdbc-7.0.8.jar!/:7.0.8]
backend-1  | 	at org.springframework.jdbc.core.JdbcTemplate.execute(JdbcTemplate.java:689) ~[spring-jdbc-7.0.8.jar!/:7.0.8]
backend-1  | 	at org.springframework.jdbc.core.JdbcTemplate.update(JdbcTemplate.java:966) ~[spring-jdbc-7.0.8.jar!/:7.0.8]
backend-1  | 	at org.springframework.jdbc.core.JdbcTemplate.update(JdbcTemplate.java:987) ~[spring-jdbc-7.0.8.jar!/:7.0.8]
backend-1  | 	at org.springframework.jdbc.core.namedparam.NamedParameterJdbcTemplate.update(NamedParameterJdbcTemplate.java:339) ~[spring-jdbc-7.0.8.jar!/:7.0.8]
backend-1  | 	at com.dms.document.repository.DocumentSearchRepository.logSearch(DocumentSearchRepository.java:129) ~[!/:0.0.1-SNAPSHOT]
backend-1  | 	at java.base/jdk.internal.reflect.DirectMethodHandleAccessor.invoke(Unknown Source) ~[na:na]
backend-1  | 	at java.base/java.lang.reflect.Method.invoke(Unknown Source) ~[na:na]
backend-1  | 	at org.springframework.aop.support.AopUtils.invokeJoinpointUsingReflection(AopUtils.java:359) ~[spring-aop-7.0.8.jar!/:7.0.8]
backend-1  | 	at org.springframework.aop.framework.ReflectiveMethodInvocation.invokeJoinpoint(ReflectiveMethodInvocation.java:190) ~[spring-aop-7.0.8.jar!/:7.0.8]
backend-1  | 	at org.springframework.aop.framework.ReflectiveMethodInvocation.proceed(ReflectiveMethodInvocation.java:158) ~[spring-aop-7.0.8.jar!/:7.0.8]
backend-1  | 	at org.springframework.dao.support.PersistenceExceptionTranslationInterceptor.invoke(PersistenceExceptionTranslationInterceptor.java:135) ~[spring-tx-7.0.8.jar!/:7.0.8]
backend-1  | 	at org.springframework.aop.framework.ReflectiveMethodInvocation.proceed(ReflectiveMethodInvocation.java:179) ~[spring-aop-7.0.8.jar!/:7.0.8]
backend-1  | 	at org.springframework.aop.framework.CglibAopProxy$DynamicAdvisedInterceptor.intercept(CglibAopProxy.java:719) ~[spring-aop-7.0.8.jar!/:7.0.8]
backend-1  | 	at com.dms.document.repository.DocumentSearchRepository$$SpringCGLIB$$0.logSearch(<generated>) ~[!/:0.0.1-SNAPSHOT]
backend-1  | 	at com.dms.document.service.DocumentSearchService.search(DocumentSearchService.java:50) ~[!/:0.0.1-SNAPSHOT]
backend-1  | 	at java.base/jdk.internal.reflect.DirectMethodHandleAccessor.invoke(Unknown Source) ~[na:na]
backend-1  | 	at java.base/java.lang.reflect.Method.invoke(Unknown Source) ~[na:na]
backend-1  | 	at org.springframework.aop.support.AopUtils.invokeJoinpointUsingReflection(AopUtils.java:359) ~[spring-aop-7.0.8.jar!/:7.0.8]
backend-1  | 	at org.springframework.aop.framework.ReflectiveMethodInvocation.invokeJoinpoint(ReflectiveMethodInvocation.java:190) ~[spring-aop-7.0.8.jar!/:7.0.8]
backend-1  | 	at org.springframework.aop.framework.ReflectiveMethodInvocation.proceed(ReflectiveMethodInvocation.java:158) ~[spring-aop-7.0.8.jar!/:7.0.8]
backend-1  | 	at org.springframework.transaction.interceptor.TransactionInterceptor$1.proceedWithInvocation(TransactionInterceptor.java:133) ~[spring-tx-7.0.8.jar!/:7.0.8]
backend-1  | 	at org.springframework.transaction.interceptor.TransactionAspectSupport.invokeWithinTransaction(TransactionAspectSupport.java:371) ~[spring-tx-7.0.8.jar!/:7.0.8]
backend-1  | 	at org.springframework.transaction.interceptor.TransactionInterceptor.invoke(TransactionInterceptor.java:130) ~[spring-tx-7.0.8.jar!/:7.0.8]
backend-1  | 	at org.springframework.aop.framework.ReflectiveMethodInvocation.proceed(ReflectiveMethodInvocation.java:179) ~[spring-aop-7.0.8.jar!/:7.0.8]
backend-1  | 	at org.springframework.aop.framework.CglibAopProxy$DynamicAdvisedInterceptor.intercept(CglibAopProxy.java:719) ~[spring-aop-7.0.8.jar!/:7.0.8]
backend-1  | 	at com.dms.document.service.DocumentSearchService$$SpringCGLIB$$0.search(<generated>) ~[!/:0.0.1-SNAPSHOT]
backend-1  | 	at com.dms.document.controller.DocumentController.searchDocuments(DocumentController.java:82) ~[!/:0.0.1-SNAPSHOT]
backend-1  | 	at java.base/jdk.internal.reflect.DirectMethodHandleAccessor.invoke(Unknown Source) ~[na:na]
backend-1  | 	at java.base/java.lang.reflect.Method.invoke(Unknown Source) ~[na:na]
backend-1  | 	at org.springframework.web.method.support.InvocableHandlerMethod.doInvoke(InvocableHandlerMethod.java:252) ~[spring-web-7.0.8.jar!/:7.0.8]
backend-1  | 	at org.springframework.web.method.support.InvocableHandlerMethod.invokeForRequest(InvocableHandlerMethod.java:184) ~[spring-web-7.0.8.jar!/:7.0.8]
backend-1  | 	at org.springframework.web.servlet.mvc.method.annotation.ServletInvocableHandlerMethod.invokeAndHandle(ServletInvocableHandlerMethod.java:117) ~[spring-webmvc-7.0.8.jar!/:7.0.8]
backend-1  | 	at org.springframework.web.servlet.mvc.method.annotation.RequestMappingHandlerAdapter.invokeHandlerMethod(RequestMappingHandlerAdapter.java:934) ~[spring-webmvc-7.0.8.jar!/:7.0.8]
backend-1  | 	at org.springframework.web.servlet.mvc.method.annotation.RequestMappingHandlerAdapter.handleInternal(RequestMappingHandlerAdapter.java:853) ~[spring-webmvc-7.0.8.jar!/:7.0.8]
backend-1  | 	at org.springframework.web.servlet.mvc.method.AbstractHandlerMethodAdapter.handle(AbstractHandlerMethodAdapter.java:86) ~[spring-webmvc-7.0.8.jar!/:7.0.8]
backend-1  | 	at org.springframework.web.servlet.DispatcherServlet.doDispatch(DispatcherServlet.java:963) ~[spring-webmvc-7.0.8.jar!/:7.0.8]
backend-1  | 	at org.springframework.web.servlet.DispatcherServlet.doService(DispatcherServlet.java:866) ~[spring-webmvc-7.0.8.jar!/:7.0.8]
backend-1  | 	at org.springframework.web.servlet.FrameworkServlet.processRequest(FrameworkServlet.java:1000) ~[spring-webmvc-7.0.8.jar!/:7.0.8]
backend-1  | 	at org.springframework.web.servlet.FrameworkServlet.doGet(FrameworkServlet.java:892) ~[spring-webmvc-7.0.8.jar!/:7.0.8]
backend-1  | 	at jakarta.servlet.http.HttpServlet.service(HttpServlet.java:622) ~[tomcat-embed-core-11.0.22.jar!/:na]
backend-1  | 	at org.springframework.web.servlet.FrameworkServlet.service(FrameworkServlet.java:874) ~[spring-webmvc-7.0.8.jar!/:7.0.8]
backend-1  | 	at jakarta.servlet.http.HttpServlet.service(HttpServlet.java:710) ~[tomcat-embed-core-11.0.22.jar!/:na]
backend-1  | 	at org.apache.catalina.core.ApplicationFilterChain.doFilter(ApplicationFilterChain.java:128) ~[tomcat-embed-core-11.0.22.jar!/:na]
backend-1  | 	at org.apache.tomcat.websocket.server.WsFilter.doFilter(WsFilter.java:53) ~[tomcat-embed-websocket-11.0.22.jar!/:na]
backend-1  | 	at org.apache.catalina.core.ApplicationFilterChain.doFilter(ApplicationFilterChain.java:107) ~[tomcat-embed-core-11.0.22.jar!/:na]
backend-1  | 	at org.springframework.web.filter.CompositeFilter$VirtualFilterChain.doFilter(CompositeFilter.java:108) ~[spring-web-7.0.8.jar!/:7.0.8]
backend-1  | 	at org.springframework.security.web.FilterChainProxy.lambda$doFilterInternal$2(FilterChainProxy.java:235) ~[spring-security-web-7.1.0.jar!/:7.1.0]
backend-1  | 	at org.springframework.security.web.ObservationFilterChainDecorator$FilterObservation$SimpleFilterObservation.lambda$wrap$1(ObservationFilterChainDecorator.java:491) ~[spring-security-web-7.1.0.jar!/:7.1.0]
backend-1  | 	at org.springframework.security.web.ObservationFilterChainDecorator$AroundFilterObservation$SimpleAroundFilterObservation.lambda$wrap$1(ObservationFilterChainDecorator.java:353) ~[spring-security-web-7.1.0.jar!/:7.1.0]
backend-1  | 	at org.springframework.security.web.ObservationFilterChainDecorator.lambda$wrapSecured$0(ObservationFilterChainDecorator.java:84) ~[spring-security-web-7.1.0.jar!/:7.1.0]
backend-1  | 	at org.springframework.security.web.ObservationFilterChainDecorator$VirtualFilterChain.doFilter(ObservationFilterChainDecorator.java:131) ~[spring-security-web-7.1.0.jar!/:7.1.0]
backend-1  | 	at org.springframework.security.web.access.intercept.AuthorizationFilter.doFilter(AuthorizationFilter.java:101) ~[spring-security-web-7.1.0.jar!/:7.1.0]
backend-1  | 	at org.springframework.security.web.ObservationFilterChainDecorator$ObservationFilter.wrapFilter(ObservationFilterChainDecorator.java:243) ~[spring-security-web-7.1.0.jar!/:7.1.0]
backend-1  | 	at org.springframework.security.web.ObservationFilterChainDecorator$ObservationFilter.doFilter(ObservationFilterChainDecorator.java:230) ~[spring-security-web-7.1.0.jar!/:7.1.0]
backend-1  | 	at org.springframework.security.web.ObservationFilterChainDecorator$VirtualFilterChain.doFilter(ObservationFilterChainDecorator.java:140) ~[spring-security-web-7.1.0.jar!/:7.1.0]
backend-1  | 	at org.springframework.security.web.access.ExceptionTranslationFilter.doFilter(ExceptionTranslationFilter.java:126) ~[spring-security-web-7.1.0.jar!/:7.1.0]
backend-1  | 	at org.springframework.security.web.access.ExceptionTranslationFilter.doFilter(ExceptionTranslationFilter.java:120) ~[spring-security-web-7.1.0.jar!/:7.1.0]
backend-1  | 	at org.springframework.security.web.ObservationFilterChainDecorator$ObservationFilter.wrapFilter(ObservationFilterChainDecorator.java:243) ~[spring-security-web-7.1.0.jar!/:7.1.0]
backend-1  | 	at org.springframework.security.web.ObservationFilterChainDecorator$ObservationFilter.doFilter(ObservationFilterChainDecorator.java:230) ~[spring-security-web-7.1.0.jar!/:7.1.0]
backend-1  | 	at org.springframework.security.web.ObservationFilterChainDecorator$VirtualFilterChain.doFilter(ObservationFilterChainDecorator.java:140) ~[spring-security-web-7.1.0.jar!/:7.1.0]
backend-1  | 	at org.springframework.security.web.session.SessionManagementFilter.doFilter(SessionManagementFilter.java:132) ~[spring-security-web-7.1.0.jar!/:7.1.0]
backend-1  | 	at org.springframework.security.web.session.SessionManagementFilter.doFilter(SessionManagementFilter.java:86) ~[spring-security-web-7.1.0.jar!/:7.1.0]
backend-1  | 	at org.springframework.security.web.ObservationFilterChainDecorator$ObservationFilter.wrapFilter(ObservationFilterChainDecorator.java:243) ~[spring-security-web-7.1.0.jar!/:7.1.0]
backend-1  | 	at org.springframework.security.web.ObservationFilterChainDecorator$ObservationFilter.doFilter(ObservationFilterChainDecorator.java:230) ~[spring-security-web-7.1.0.jar!/:7.1.0]
backend-1  | 	at org.springframework.security.web.ObservationFilterChainDecorator$VirtualFilterChain.doFilter(ObservationFilterChainDecorator.java:140) ~[spring-security-web-7.1.0.jar!/:7.1.0]
backend-1  | 	at org.springframework.security.web.authentication.AnonymousAuthenticationFilter.doFilter(AnonymousAuthenticationFilter.java:100) ~[spring-security-web-7.1.0.jar!/:7.1.0]
backend-1  | 	at org.springframework.security.web.ObservationFilterChainDecorator$ObservationFilter.wrapFilter(ObservationFilterChainDecorator.java:243) ~[spring-security-web-7.1.0.jar!/:7.1.0]
backend-1  | 	at org.springframework.security.web.ObservationFilterChainDecorator$ObservationFilter.doFilter(ObservationFilterChainDecorator.java:230) ~[spring-security-web-7.1.0.jar!/:7.1.0]
backend-1  | 	at org.springframework.security.web.ObservationFilterChainDecorator$VirtualFilterChain.doFilter(ObservationFilterChainDecorator.java:140) ~[spring-security-web-7.1.0.jar!/:7.1.0]
backend-1  | 	at org.springframework.security.web.servletapi.SecurityContextHolderAwareRequestFilter.doFilter(SecurityContextHolderAwareRequestFilter.java:181) ~[spring-security-web-7.1.0.jar!/:7.1.0]
backend-1  | 	at org.springframework.security.web.ObservationFilterChainDecorator$ObservationFilter.wrapFilter(ObservationFilterChainDecorator.java:243) ~[spring-security-web-7.1.0.jar!/:7.1.0]
backend-1  | 	at org.springframework.security.web.ObservationFilterChainDecorator$ObservationFilter.doFilter(ObservationFilterChainDecorator.java:230) ~[spring-security-web-7.1.0.jar!/:7.1.0]
backend-1  | 	at org.springframework.security.web.ObservationFilterChainDecorator$VirtualFilterChain.doFilter(ObservationFilterChainDecorator.java:140) ~[spring-security-web-7.1.0.jar!/:7.1.0]
backend-1  | 	at org.springframework.security.web.savedrequest.RequestCacheAwareFilter.doFilter(RequestCacheAwareFilter.java:63) ~[spring-security-web-7.1.0.jar!/:7.1.0]
backend-1  | 	at org.springframework.security.web.ObservationFilterChainDecorator$ObservationFilter.wrapFilter(ObservationFilterChainDecorator.java:243) ~[spring-security-web-7.1.0.jar!/:7.1.0]
backend-1  | 	at org.springframework.security.web.ObservationFilterChainDecorator$ObservationFilter.doFilter(ObservationFilterChainDecorator.java:230) ~[spring-security-web-7.1.0.jar!/:7.1.0]
backend-1  | 	at org.springframework.security.web.ObservationFilterChainDecorator$VirtualFilterChain.doFilter(ObservationFilterChainDecorator.java:140) ~[spring-security-web-7.1.0.jar!/:7.1.0]
backend-1  | 	at org.springframework.security.oauth2.server.resource.web.authentication.BearerTokenAuthenticationFilter.doFilterInternal(BearerTokenAuthenticationFilter.java:207) ~[spring-security-oauth2-resource-server-7.1.0.jar!/:7.1.0]
backend-1  | 	at org.springframework.web.filter.OncePerRequestFilter.doFilter(OncePerRequestFilter.java:116) ~[spring-web-7.0.8.jar!/:7.0.8]
backend-1  | 	at org.springframework.security.web.ObservationFilterChainDecorator$ObservationFilter.wrapFilter(ObservationFilterChainDecorator.java:243) ~[spring-security-web-7.1.0.jar!/:7.1.0]
backend-1  | 	at org.springframework.security.web.ObservationFilterChainDecorator$ObservationFilter.doFilter(ObservationFilterChainDecorator.java:230) ~[spring-security-web-7.1.0.jar!/:7.1.0]
backend-1  | 	at org.springframework.security.web.ObservationFilterChainDecorator$VirtualFilterChain.doFilter(ObservationFilterChainDecorator.java:140) ~[spring-security-web-7.1.0.jar!/:7.1.0]
backend-1  | 	at org.springframework.security.oauth2.server.resource.web.OAuth2ProtectedResourceMetadataFilter.doFilterInternal(OAuth2ProtectedResourceMetadataFilter.java:98) ~[spring-security-oauth2-resource-server-7.1.0.jar!/:7.1.0]
backend-1  | 	at org.springframework.web.filter.OncePerRequestFilter.doFilter(OncePerRequestFilter.java:116) ~[spring-web-7.0.8.jar!/:7.0.8]
backend-1  | 	at org.springframework.security.web.ObservationFilterChainDecorator$ObservationFilter.wrapFilter(ObservationFilterChainDecorator.java:243) ~[spring-security-web-7.1.0.jar!/:7.1.0]
backend-1  | 	at org.springframework.security.web.ObservationFilterChainDecorator$ObservationFilter.doFilter(ObservationFilterChainDecorator.java:230) ~[spring-security-web-7.1.0.jar!/:7.1.0]
backend-1  | 	at org.springframework.security.web.ObservationFilterChainDecorator$VirtualFilterChain.doFilter(ObservationFilterChainDecorator.java:140) ~[spring-security-web-7.1.0.jar!/:7.1.0]
backend-1  | 	at org.springframework.security.web.authentication.logout.LogoutFilter.doFilter(LogoutFilter.java:110) ~[spring-security-web-7.1.0.jar!/:7.1.0]
backend-1  | 	at org.springframework.security.web.authentication.logout.LogoutFilter.doFilter(LogoutFilter.java:96) ~[spring-security-web-7.1.0.jar!/:7.1.0]
backend-1  | 	at org.springframework.security.web.ObservationFilterChainDecorator$ObservationFilter.wrapFilter(ObservationFilterChainDecorator.java:243) ~[spring-security-web-7.1.0.jar!/:7.1.0]
backend-1  | 	at org.springframework.security.web.ObservationFilterChainDecorator$ObservationFilter.doFilter(ObservationFilterChainDecorator.java:230) ~[spring-security-web-7.1.0.jar!/:7.1.0]
backend-1  | 	at org.springframework.security.web.ObservationFilterChainDecorator$VirtualFilterChain.doFilter(ObservationFilterChainDecorator.java:140) ~[spring-security-web-7.1.0.jar!/:7.1.0]
backend-1  | 	at org.springframework.web.filter.CorsFilter.doFilterInternal(CorsFilter.java:91) ~[spring-web-7.0.8.jar!/:7.0.8]
backend-1  | 	at org.springframework.web.filter.OncePerRequestFilter.doFilter(OncePerRequestFilter.java:116) ~[spring-web-7.0.8.jar!/:7.0.8]
backend-1  | 	at org.springframework.security.web.ObservationFilterChainDecorator$ObservationFilter.wrapFilter(ObservationFilterChainDecorator.java:243) ~[spring-security-web-7.1.0.jar!/:7.1.0]
backend-1  | 	at org.springframework.security.web.ObservationFilterChainDecorator$ObservationFilter.doFilter(ObservationFilterChainDecorator.java:230) ~[spring-security-web-7.1.0.jar!/:7.1.0]
backend-1  | 	at org.springframework.security.web.ObservationFilterChainDecorator$VirtualFilterChain.doFilter(ObservationFilterChainDecorator.java:140) ~[spring-security-web-7.1.0.jar!/:7.1.0]
backend-1  | 	at org.springframework.security.web.header.HeaderWriterFilter.doHeadersAfter(HeaderWriterFilter.java:90) ~[spring-security-web-7.1.0.jar!/:7.1.0]
backend-1  | 	at org.springframework.security.web.header.HeaderWriterFilter.doFilterInternal(HeaderWriterFilter.java:75) ~[spring-security-web-7.1.0.jar!/:7.1.0]
backend-1  | 	at org.springframework.web.filter.OncePerRequestFilter.doFilter(OncePerRequestFilter.java:116) ~[spring-web-7.0.8.jar!/:7.0.8]
backend-1  | 	at org.springframework.security.web.ObservationFilterChainDecorator$ObservationFilter.wrapFilter(ObservationFilterChainDecorator.java:243) ~[spring-security-web-7.1.0.jar!/:7.1.0]
backend-1  | 	at org.springframework.security.web.ObservationFilterChainDecorator$ObservationFilter.doFilter(ObservationFilterChainDecorator.java:230) ~[spring-security-web-7.1.0.jar!/:7.1.0]
backend-1  | 	at org.springframework.security.web.ObservationFilterChainDecorator$VirtualFilterChain.doFilter(ObservationFilterChainDecorator.java:140) ~[spring-security-web-7.1.0.jar!/:7.1.0]
backend-1  | 	at org.springframework.security.web.context.SecurityContextHolderFilter.doFilter(SecurityContextHolderFilter.java:82) ~[spring-security-web-7.1.0.jar!/:7.1.0]
backend-1  | 	at org.springframework.security.web.context.SecurityContextHolderFilter.doFilter(SecurityContextHolderFilter.java:69) ~[spring-security-web-7.1.0.jar!/:7.1.0]
backend-1  | 	at org.springframework.security.web.ObservationFilterChainDecorator$ObservationFilter.wrapFilter(ObservationFilterChainDecorator.java:243) ~[spring-security-web-7.1.0.jar!/:7.1.0]
backend-1  | 	at org.springframework.security.web.ObservationFilterChainDecorator$ObservationFilter.doFilter(ObservationFilterChainDecorator.java:230) ~[spring-security-web-7.1.0.jar!/:7.1.0]
backend-1  | 	at org.springframework.security.web.ObservationFilterChainDecorator$VirtualFilterChain.doFilter(ObservationFilterChainDecorator.java:140) ~[spring-security-web-7.1.0.jar!/:7.1.0]
backend-1  | 	at org.springframework.security.web.context.request.async.WebAsyncManagerIntegrationFilter.doFilterInternal(WebAsyncManagerIntegrationFilter.java:62) ~[spring-security-web-7.1.0.jar!/:7.1.0]
backend-1  | 	at org.springframework.web.filter.OncePerRequestFilter.doFilter(OncePerRequestFilter.java:116) ~[spring-web-7.0.8.jar!/:7.0.8]
backend-1  | 	at org.springframework.security.web.ObservationFilterChainDecorator$ObservationFilter.wrapFilter(ObservationFilterChainDecorator.java:243) ~[spring-security-web-7.1.0.jar!/:7.1.0]
backend-1  | 	at org.springframework.security.web.ObservationFilterChainDecorator$ObservationFilter.doFilter(ObservationFilterChainDecorator.java:230) ~[spring-security-web-7.1.0.jar!/:7.1.0]
backend-1  | 	at org.springframework.security.web.ObservationFilterChainDecorator$VirtualFilterChain.doFilter(ObservationFilterChainDecorator.java:140) ~[spring-security-web-7.1.0.jar!/:7.1.0]
backend-1  | 	at org.springframework.security.web.session.DisableEncodeUrlFilter.doFilterInternal(DisableEncodeUrlFilter.java:42) ~[spring-security-web-7.1.0.jar!/:7.1.0]
backend-1  | 	at org.springframework.web.filter.OncePerRequestFilter.doFilter(OncePerRequestFilter.java:116) ~[spring-web-7.0.8.jar!/:7.0.8]
backend-1  | 	at org.springframework.security.web.ObservationFilterChainDecorator$ObservationFilter.wrapFilter(ObservationFilterChainDecorator.java:243) ~[spring-security-web-7.1.0.jar!/:7.1.0]
backend-1  | 	at org.springframework.security.web.ObservationFilterChainDecorator$AroundFilterObservation$SimpleAroundFilterObservation.lambda$wrap$0(ObservationFilterChainDecorator.java:336) ~[spring-security-web-7.1.0.jar!/:7.1.0]
backend-1  | 	at org.springframework.security.web.ObservationFilterChainDecorator$ObservationFilter.doFilter(ObservationFilterChainDecorator.java:227) ~[spring-security-web-7.1.0.jar!/:7.1.0]
backend-1  | 	at org.springframework.security.web.ObservationFilterChainDecorator$VirtualFilterChain.doFilter(ObservationFilterChainDecorator.java:140) ~[spring-security-web-7.1.0.jar!/:7.1.0]
backend-1  | 	at org.springframework.security.web.FilterChainProxy.doFilterInternal(FilterChainProxy.java:237) ~[spring-security-web-7.1.0.jar!/:7.1.0]
backend-1  | 	at org.springframework.security.web.FilterChainProxy.doFilter(FilterChainProxy.java:195) ~[spring-security-web-7.1.0.jar!/:7.1.0]
backend-1  | 	at org.springframework.web.filter.CompositeFilter$VirtualFilterChain.doFilter(CompositeFilter.java:113) ~[spring-web-7.0.8.jar!/:7.0.8]
backend-1  | 	at org.springframework.web.filter.ServletRequestPathFilter.doFilter(ServletRequestPathFilter.java:52) ~[spring-web-7.0.8.jar!/:7.0.8]
backend-1  | 	at org.springframework.web.filter.CompositeFilter$VirtualFilterChain.doFilter(CompositeFilter.java:113) ~[spring-web-7.0.8.jar!/:7.0.8]
backend-1  | 	at org.springframework.web.filter.CompositeFilter.doFilter(CompositeFilter.java:74) ~[spring-web-7.0.8.jar!/:7.0.8]
backend-1  | 	at org.springframework.security.config.annotation.web.configuration.WebSecurityConfiguration$CompositeFilterChainProxy.doFilter(WebSecurityConfiguration.java:317) ~[spring-security-config-7.1.0.jar!/:7.1.0]
backend-1  | 	at org.springframework.web.filter.DelegatingFilterProxy.invokeDelegate(DelegatingFilterProxy.java:355) ~[spring-web-7.0.8.jar!/:7.0.8]
backend-1  | 	at org.springframework.web.filter.DelegatingFilterProxy.doFilter(DelegatingFilterProxy.java:272) ~[spring-web-7.0.8.jar!/:7.0.8]
backend-1  | 	at org.apache.catalina.core.ApplicationFilterChain.doFilter(ApplicationFilterChain.java:107) ~[tomcat-embed-core-11.0.22.jar!/:na]
backend-1  | 	at org.springframework.web.filter.RequestContextFilter.doFilterInternal(RequestContextFilter.java:100) ~[spring-web-7.0.8.jar!/:7.0.8]
backend-1  | 	at org.springframework.web.filter.OncePerRequestFilter.doFilter(OncePerRequestFilter.java:116) ~[spring-web-7.0.8.jar!/:7.0.8]
backend-1  | 	at org.apache.catalina.core.ApplicationFilterChain.doFilter(ApplicationFilterChain.java:107) ~[tomcat-embed-core-11.0.22.jar!/:na]
backend-1  | 	at org.springframework.web.filter.FormContentFilter.doFilterInternal(FormContentFilter.java:93) ~[spring-web-7.0.8.jar!/:7.0.8]
backend-1  | 	at org.springframework.web.filter.OncePerRequestFilter.doFilter(OncePerRequestFilter.java:116) ~[spring-web-7.0.8.jar!/:7.0.8]
backend-1  | 	at org.apache.catalina.core.ApplicationFilterChain.doFilter(ApplicationFilterChain.java:107) ~[tomcat-embed-core-11.0.22.jar!/:na]
backend-1  | 	at org.springframework.web.filter.ServerHttpObservationFilter.doFilterInternal(ServerHttpObservationFilter.java:110) ~[spring-web-7.0.8.jar!/:7.0.8]
backend-1  | 	at org.springframework.web.filter.OncePerRequestFilter.doFilter(OncePerRequestFilter.java:116) ~[spring-web-7.0.8.jar!/:7.0.8]
backend-1  | 	at org.apache.catalina.core.ApplicationFilterChain.doFilter(ApplicationFilterChain.java:107) ~[tomcat-embed-core-11.0.22.jar!/:na]
backend-1  | 	at org.springframework.web.filter.CharacterEncodingFilter.doFilterInternal(CharacterEncodingFilter.java:199) ~[spring-web-7.0.8.jar!/:7.0.8]
backend-1  | 	at org.springframework.web.filter.OncePerRequestFilter.doFilter(OncePerRequestFilter.java:116) ~[spring-web-7.0.8.jar!/:7.0.8]
backend-1  | 	at org.apache.catalina.core.ApplicationFilterChain.doFilter(ApplicationFilterChain.java:107) ~[tomcat-embed-core-11.0.22.jar!/:na]
backend-1  | 	at org.apache.catalina.core.StandardWrapperValve.invoke(StandardWrapperValve.java:165) ~[tomcat-embed-core-11.0.22.jar!/:na]
backend-1  | 	at org.apache.catalina.core.StandardContextValve.invoke(StandardContextValve.java:77) ~[tomcat-embed-core-11.0.22.jar!/:na]
backend-1  | 	at org.apache.catalina.authenticator.AuthenticatorBase.invoke(AuthenticatorBase.java:492) ~[tomcat-embed-core-11.0.22.jar!/:na]
backend-1  | 	at org.apache.catalina.core.StandardHostValve.invoke(StandardHostValve.java:113) ~[tomcat-embed-core-11.0.22.jar!/:na]
backend-1  | 	at org.apache.catalina.valves.ErrorReportValve.invoke(ErrorReportValve.java:83) ~[tomcat-embed-core-11.0.22.jar!/:na]
backend-1  | 	at org.apache.catalina.core.StandardEngineValve.invoke(StandardEngineValve.java:72) ~[tomcat-embed-core-11.0.22.jar!/:na]
backend-1  | 	at org.apache.catalina.connector.CoyoteAdapter.service(CoyoteAdapter.java:341) ~[tomcat-embed-core-11.0.22.jar!/:na]
backend-1  | 	at org.apache.coyote.http11.Http11Processor.service(Http11Processor.java:397) ~[tomcat-embed-core-11.0.22.jar!/:na]
backend-1  | 	at org.apache.coyote.AbstractProcessorLight.process(AbstractProcessorLight.java:63) ~[tomcat-embed-core-11.0.22.jar!/:na]
backend-1  | 	at org.apache.coyote.AbstractProtocol$ConnectionHandler.process(AbstractProtocol.java:1272) ~[tomcat-embed-core-11.0.22.jar!/:na]
backend-1  | 	at org.apache.tomcat.util.net.NioEndpoint$SocketProcessor.doRun(NioEndpoint.java:1801) ~[tomcat-embed-core-11.0.22.jar!/:na]
backend-1  | 	at org.apache.tomcat.util.net.SocketProcessorBase.run(SocketProcessorBase.java:52) ~[tomcat-embed-core-11.0.22.jar!/:na]
backend-1  | 	at org.apache.tomcat.util.threads.ThreadPoolExecutor.runWorker(ThreadPoolExecutor.java:946) ~[tomcat-embed-core-11.0.22.jar!/:na]
backend-1  | 	at org.apache.tomcat.util.threads.ThreadPoolExecutor$Worker.run(ThreadPoolExecutor.java:480) ~[tomcat-embed-core-11.0.22.jar!/:na]
backend-1  | 	at org.apache.tomcat.util.threads.TaskThread$WrappingRunnable.run(TaskThread.java:57) ~[tomcat-embed-core-11.0.22.jar!/:na]
backend-1  | 	at java.base/java.lang.Thread.run(Unknown Source) ~[na:na]
backend-1  | Caused by: org.postgresql.util.PSQLException: ERROR: cannot execute INSERT in a read-only transaction
backend-1  | 	at org.postgresql.core.v3.QueryExecutorImpl.receiveErrorResponse(QueryExecutorImpl.java:2904) ~[postgresql-42.7.11.jar!/:42.7.11]
backend-1  | 	at org.postgresql.core.v3.QueryExecutorImpl.processResults(QueryExecutorImpl.java:2589) ~[postgresql-42.7.11.jar!/:42.7.11]
backend-1  | 	at org.postgresql.core.v3.QueryExecutorImpl.execute(QueryExecutorImpl.java:431) ~[postgresql-42.7.11.jar!/:42.7.11]
backend-1  | 	at org.postgresql.jdbc.PgStatement.executeInternal(PgStatement.java:534) ~[postgresql-42.7.11.jar!/:42.7.11]
backend-1  | 	at org.postgresql.jdbc.PgStatement.execute(PgStatement.java:437) ~[postgresql-42.7.11.jar!/:42.7.11]
backend-1  | 	at org.postgresql.jdbc.PgPreparedStatement.executeWithFlags(PgPreparedStatement.java:196) ~[postgresql-42.7.11.jar!/:42.7.11]
backend-1  | 	at org.postgresql.jdbc.PgPreparedStatement.executeUpdate(PgPreparedStatement.java:157) ~[postgresql-42.7.11.jar!/:42.7.11]
backend-1  | 	at com.zaxxer.hikari.pool.ProxyPreparedStatement.executeUpdate(ProxyPreparedStatement.java:61) ~[HikariCP-7.0.2.jar!/:na]
backend-1  | 	at com.zaxxer.hikari.pool.HikariProxyPreparedStatement.executeUpdate(HikariProxyPreparedStatement.java) ~[HikariCP-7.0.2.jar!/:na]
backend-1  | 	at org.springframework.jdbc.core.JdbcTemplate.lambda$update$0(JdbcTemplate.java:971) ~[spring-jdbc-7.0.8.jar!/:7.0.8]
backend-1  | 	at org.springframework.jdbc.core.JdbcTemplate.execute(JdbcTemplate.java:670) ~[spring-jdbc-7.0.8.jar!/:7.0.8]
backend-1  | 	... 156 common frames omitted
backend-1  | 
backend-1  | 2026-08-05T04:54:12.555Z TRACE 1 --- [dms] [io-8080-exec-10] o.s.s.w.header.writers.HstsHeaderWriter  : Not injecting HSTS header since it did not match request to [Is Secure]
backend-1  | 2026-08-05T04:54:12.563Z TRACE 1 --- [dms] [nio-8080-exec-1] o.s.security.web.FilterChainProxy        : Trying to match request against DefaultSecurityFilterChain defined as 'securityFilterChain' in [class path resource [com/dms/common/security/SecurityConfig.class]] matching [any request] and having filters [DisableEncodeUrl, WebAsyncManagerIntegration, SecurityContextHolder, HeaderWriter, Cors, Logout, OAuth2ProtectedResourceMetadata, BearerTokenAuthentication, RequestCacheAware, SecurityContextHolderAwareRequest, AnonymousAuthentication, SessionManagement, ExceptionTranslation, Authorization] (1/1)
backend-1  | 2026-08-05T04:54:12.563Z DEBUG 1 --- [dms] [nio-8080-exec-1] o.s.security.web.FilterChainProxy        : Securing GET /admin/dashboard/summary
backend-1  | 2026-08-05T04:54:12.563Z TRACE 1 --- [dms] [nio-8080-exec-1] o.s.security.web.FilterChainProxy        : Invoking DisableEncodeUrlFilter (1/14)
backend-1  | 2026-08-05T04:54:12.564Z TRACE 1 --- [dms] [nio-8080-exec-1] o.s.security.web.FilterChainProxy        : Invoking WebAsyncManagerIntegrationFilter (2/14)
backend-1  | 2026-08-05T04:54:12.564Z TRACE 1 --- [dms] [nio-8080-exec-1] o.s.security.web.FilterChainProxy        : Invoking SecurityContextHolderFilter (3/14)
backend-1  | 2026-08-05T04:54:12.564Z TRACE 1 --- [dms] [nio-8080-exec-1] o.s.security.web.FilterChainProxy        : Invoking HeaderWriterFilter (4/14)
backend-1  | 2026-08-05T04:54:12.564Z TRACE 1 --- [dms] [nio-8080-exec-1] o.s.security.web.FilterChainProxy        : Invoking CorsFilter (5/14)
backend-1  | 2026-08-05T04:54:12.565Z TRACE 1 --- [dms] [nio-8080-exec-1] o.s.security.web.FilterChainProxy        : Invoking LogoutFilter (6/14)
backend-1  | 2026-08-05T04:54:12.565Z TRACE 1 --- [dms] [nio-8080-exec-1] o.s.s.w.a.logout.LogoutFilter            : Did not match request to Or [PathPattern [GET /logout], PathPattern [POST /logout], PathPattern [PUT /logout], PathPattern [DELETE /logout]]
backend-1  | 2026-08-05T04:54:12.565Z TRACE 1 --- [dms] [nio-8080-exec-1] o.s.security.web.FilterChainProxy        : Invoking OAuth2ProtectedResourceMetadataFilter (7/14)
backend-1  | 2026-08-05T04:54:12.566Z TRACE 1 --- [dms] [nio-8080-exec-1] o.s.security.web.FilterChainProxy        : Invoking BearerTokenAuthenticationFilter (8/14)
backend-1  | 2026-08-05T04:54:12.566Z TRACE 1 --- [dms] [nio-8080-exec-1] o.s.s.authentication.ProviderManager     : Authenticating request with JwtAuthenticationProvider (1/2)
backend-1  | 2026-08-05T04:54:12.567Z DEBUG 1 --- [dms] [nio-8080-exec-1] o.s.s.o.s.r.a.JwtAuthenticationProvider  : Authenticated token
backend-1  | 2026-08-05T04:54:12.568Z TRACE 1 --- [dms] [nio-8080-exec-1] .s.s.w.c.SupplierDeferredSecurityContext : Created SecurityContextImpl [Null authentication]
backend-1  | 2026-08-05T04:54:12.568Z DEBUG 1 --- [dms] [nio-8080-exec-1] .s.r.w.a.BearerTokenAuthenticationFilter : Set SecurityContextHolder to JwtAuthenticationToken [Principal=org.springframework.security.oauth2.server.resource.authentication.JwtAuthenticationConverter$JwtAuthenticatedPrincipal@e05cdb73, Credentials=[PROTECTED], Authenticated=true, Details=WebAuthenticationDetails [RemoteIpAddress=172.19.0.1, SessionId=null], Granted Authorities=[FactorGrantedAuthority [authority=FACTOR_BEARER, issuedAt=2026-08-05T04:54:12.567784990Z], ROLE_ADMIN]]
backend-1  | 2026-08-05T04:54:12.568Z TRACE 1 --- [dms] [nio-8080-exec-1] o.s.security.web.FilterChainProxy        : Invoking RequestCacheAwareFilter (9/14)
backend-1  | 2026-08-05T04:54:12.568Z TRACE 1 --- [dms] [nio-8080-exec-1] o.s.security.web.FilterChainProxy        : Invoking SecurityContextHolderAwareRequestFilter (10/14)
backend-1  | 2026-08-05T04:54:12.568Z TRACE 1 --- [dms] [nio-8080-exec-1] o.s.security.web.FilterChainProxy        : Invoking AnonymousAuthenticationFilter (11/14)
backend-1  | 2026-08-05T04:54:12.569Z TRACE 1 --- [dms] [nio-8080-exec-1] o.s.security.web.FilterChainProxy        : Invoking SessionManagementFilter (12/14)
backend-1  | 2026-08-05T04:54:12.569Z TRACE 1 --- [dms] [nio-8080-exec-1] o.s.s.w.a.AnonymousAuthenticationFilter  : Did not set SecurityContextHolder since already authenticated JwtAuthenticationToken [Principal=org.springframework.security.oauth2.server.resource.authentication.JwtAuthenticationConverter$JwtAuthenticatedPrincipal@e05cdb73, Credentials=[PROTECTED], Authenticated=true, Details=WebAuthenticationDetails [RemoteIpAddress=172.19.0.1, SessionId=null], Granted Authorities=[FactorGrantedAuthority [authority=FACTOR_BEARER, issuedAt=2026-08-05T04:54:12.567784990Z], ROLE_ADMIN]]
backend-1  | 2026-08-05T04:54:12.569Z TRACE 1 --- [dms] [nio-8080-exec-1] s.CompositeSessionAuthenticationStrategy : Preparing session with ChangeSessionIdAuthenticationStrategy (1/1)
backend-1  | 2026-08-05T04:54:12.569Z TRACE 1 --- [dms] [nio-8080-exec-1] o.s.security.web.FilterChainProxy        : Invoking ExceptionTranslationFilter (13/14)
backend-1  | 2026-08-05T04:54:12.569Z TRACE 1 --- [dms] [nio-8080-exec-1] o.s.security.web.FilterChainProxy        : Invoking AuthorizationFilter (14/14)
backend-1  | 2026-08-05T04:54:12.569Z TRACE 1 --- [dms] [nio-8080-exec-1] estMatcherDelegatingAuthorizationManager : Authorizing GET /admin/dashboard/summary
backend-1  | 2026-08-05T04:54:12.570Z TRACE 1 --- [dms] [nio-8080-exec-1] estMatcherDelegatingAuthorizationManager : Checking authorization on GET /admin/dashboard/summary using org.springframework.security.authorization.AuthenticatedAuthorizationManager@6912008b
backend-1  | 2026-08-05T04:54:12.570Z DEBUG 1 --- [dms] [nio-8080-exec-1] o.s.security.web.FilterChainProxy        : Secured GET /admin/dashboard/summary
backend-1  | 2026-08-05T04:54:12.573Z DEBUG 1 --- [dms] [nio-8080-exec-1] horizationManagerBeforeMethodInterceptor : Authorizing method invocation ReflectiveMethodInvocation: public com.dms.common.dto.ApiResponse com.dms.dashboard.controller.AdminDashboardController.summary(java.time.OffsetDateTime,java.time.OffsetDateTime); target is of class [com.dms.dashboard.controller.AdminDashboardController]
backend-1  | 2026-08-05T04:54:12.601Z DEBUG 1 --- [dms] [nio-8080-exec-1] horizationManagerBeforeMethodInterceptor : Authorized method invocation ReflectiveMethodInvocation: public com.dms.common.dto.ApiResponse com.dms.dashboard.controller.AdminDashboardController.summary(java.time.OffsetDateTime,java.time.OffsetDateTime); target is of class [com.dms.dashboard.controller.AdminDashboardController]
backend-1  | 2026-08-05T04:54:12.618Z ERROR 1 --- [dms] [nio-8080-exec-1] c.d.c.exception.GlobalExceptionHandler   : Unhandled exception
backend-1  | 
backend-1  | org.springframework.jdbc.BadSqlGrammarException: PreparedStatementCallback; bad SQL grammar [SELECT count(*)
backend-1  | FROM access_logs
backend-1  | WHERE access_granted = true
backend-1  |   AND action = ?
backend-1  |   AND (? IS NULL OR created_at >= ?)
backend-1  |   AND (? IS NULL OR created_at <= ?)
backend-1  | ]
backend-1  | 	at org.springframework.jdbc.support.SQLStateSQLExceptionTranslator.doTranslate(SQLStateSQLExceptionTranslator.java:134) ~[spring-jdbc-7.0.8.jar!/:7.0.8]
backend-1  | 	at org.springframework.jdbc.support.AbstractFallbackSQLExceptionTranslator.translate(AbstractFallbackSQLExceptionTranslator.java:102) ~[spring-jdbc-7.0.8.jar!/:7.0.8]
backend-1  | 	at org.springframework.jdbc.support.AbstractFallbackSQLExceptionTranslator.translate(AbstractFallbackSQLExceptionTranslator.java:111) ~[spring-jdbc-7.0.8.jar!/:7.0.8]
backend-1  | 	at org.springframework.jdbc.core.JdbcTemplate.translateException(JdbcTemplate.java:1549) ~[spring-jdbc-7.0.8.jar!/:7.0.8]
backend-1  | 	at org.springframework.jdbc.core.JdbcTemplate.execute(JdbcTemplate.java:689) ~[spring-jdbc-7.0.8.jar!/:7.0.8]
backend-1  | 	at org.springframework.jdbc.core.JdbcTemplate.query(JdbcTemplate.java:732) ~[spring-jdbc-7.0.8.jar!/:7.0.8]
backend-1  | 	at org.springframework.jdbc.core.JdbcTemplate.query(JdbcTemplate.java:752) ~[spring-jdbc-7.0.8.jar!/:7.0.8]
backend-1  | 	at org.springframework.jdbc.core.JdbcTemplate.query(JdbcTemplate.java:804) ~[spring-jdbc-7.0.8.jar!/:7.0.8]
backend-1  | 	at org.springframework.jdbc.core.namedparam.NamedParameterJdbcTemplate.queryForObject(NamedParameterJdbcTemplate.java:257) ~[spring-jdbc-7.0.8.jar!/:7.0.8]
backend-1  | 	at org.springframework.jdbc.core.namedparam.NamedParameterJdbcTemplate.queryForObject(NamedParameterJdbcTemplate.java:272) ~[spring-jdbc-7.0.8.jar!/:7.0.8]
backend-1  | 	at com.dms.dashboard.repository.DashboardQueryRepository.longValue(DashboardQueryRepository.java:350) ~[!/:0.0.1-SNAPSHOT]
backend-1  | 	at com.dms.dashboard.repository.DashboardQueryRepository.accessCount(DashboardQueryRepository.java:97) ~[!/:0.0.1-SNAPSHOT]
backend-1  | 	at java.base/jdk.internal.reflect.DirectMethodHandleAccessor.invoke(Unknown Source) ~[na:na]
backend-1  | 	at java.base/java.lang.reflect.Method.invoke(Unknown Source) ~[na:na]
backend-1  | 	at org.springframework.aop.support.AopUtils.invokeJoinpointUsingReflection(AopUtils.java:359) ~[spring-aop-7.0.8.jar!/:7.0.8]
backend-1  | 	at org.springframework.aop.framework.ReflectiveMethodInvocation.invokeJoinpoint(ReflectiveMethodInvocation.java:190) ~[spring-aop-7.0.8.jar!/:7.0.8]
backend-1  | 	at org.springframework.aop.framework.ReflectiveMethodInvocation.proceed(ReflectiveMethodInvocation.java:158) ~[spring-aop-7.0.8.jar!/:7.0.8]
backend-1  | 	at org.springframework.dao.support.PersistenceExceptionTranslationInterceptor.invoke(PersistenceExceptionTranslationInterceptor.java:135) ~[spring-tx-7.0.8.jar!/:7.0.8]
backend-1  | 	at org.springframework.aop.framework.ReflectiveMethodInvocation.proceed(ReflectiveMethodInvocation.java:179) ~[spring-aop-7.0.8.jar!/:7.0.8]
backend-1  | 	at org.springframework.aop.framework.CglibAopProxy$DynamicAdvisedInterceptor.intercept(CglibAopProxy.java:719) ~[spring-aop-7.0.8.jar!/:7.0.8]
backend-1  | 	at com.dms.dashboard.repository.DashboardQueryRepository$$SpringCGLIB$$0.accessCount(<generated>) ~[!/:0.0.1-SNAPSHOT]
backend-1  | 	at com.dms.dashboard.service.DashboardService.summary(DashboardService.java:44) ~[!/:0.0.1-SNAPSHOT]
backend-1  | 	at java.base/jdk.internal.reflect.DirectMethodHandleAccessor.invoke(Unknown Source) ~[na:na]
backend-1  | 	at java.base/java.lang.reflect.Method.invoke(Unknown Source) ~[na:na]
backend-1  | 	at org.springframework.aop.support.AopUtils.invokeJoinpointUsingReflection(AopUtils.java:359) ~[spring-aop-7.0.8.jar!/:7.0.8]
backend-1  | 	at org.springframework.aop.framework.ReflectiveMethodInvocation.invokeJoinpoint(ReflectiveMethodInvocation.java:190) ~[spring-aop-7.0.8.jar!/:7.0.8]
backend-1  | 	at org.springframework.aop.framework.ReflectiveMethodInvocation.proceed(ReflectiveMethodInvocation.java:158) ~[spring-aop-7.0.8.jar!/:7.0.8]
backend-1  | 	at org.springframework.transaction.interceptor.TransactionInterceptor$1.proceedWithInvocation(TransactionInterceptor.java:133) ~[spring-tx-7.0.8.jar!/:7.0.8]
backend-1  | 	at org.springframework.transaction.interceptor.TransactionAspectSupport.invokeWithinTransaction(TransactionAspectSupport.java:371) ~[spring-tx-7.0.8.jar!/:7.0.8]
backend-1  | 	at org.springframework.transaction.interceptor.TransactionInterceptor.invoke(TransactionInterceptor.java:130) ~[spring-tx-7.0.8.jar!/:7.0.8]
backend-1  | 	at org.springframework.aop.framework.ReflectiveMethodInvocation.proceed(ReflectiveMethodInvocation.java:179) ~[spring-aop-7.0.8.jar!/:7.0.8]
backend-1  | 	at org.springframework.aop.framework.CglibAopProxy$DynamicAdvisedInterceptor.intercept(CglibAopProxy.java:719) ~[spring-aop-7.0.8.jar!/:7.0.8]
backend-1  | 	at com.dms.dashboard.service.DashboardService$$SpringCGLIB$$0.summary(<generated>) ~[!/:0.0.1-SNAPSHOT]
backend-1  | 	at com.dms.dashboard.controller.AdminDashboardController.summary(AdminDashboardController.java:39) ~[!/:0.0.1-SNAPSHOT]
backend-1  | 	at java.base/jdk.internal.reflect.DirectMethodHandleAccessor.invoke(Unknown Source) ~[na:na]
backend-1  | 	at java.base/java.lang.reflect.Method.invoke(Unknown Source) ~[na:na]
backend-1  | 	at org.springframework.aop.support.AopUtils.invokeJoinpointUsingReflection(AopUtils.java:359) ~[spring-aop-7.0.8.jar!/:7.0.8]
backend-1  | 	at org.springframework.aop.framework.ReflectiveMethodInvocation.invokeJoinpoint(ReflectiveMethodInvocation.java:190) ~[spring-aop-7.0.8.jar!/:7.0.8]
backend-1  | 	at org.springframework.aop.framework.ReflectiveMethodInvocation.proceed(ReflectiveMethodInvocation.java:158) ~[spring-aop-7.0.8.jar!/:7.0.8]
backend-1  | 	at org.springframework.security.authorization.method.AuthorizationManagerBeforeMethodInterceptor.proceed(AuthorizationManagerBeforeMethodInterceptor.java:271) ~[spring-security-core-7.1.0.jar!/:7.1.0]
backend-1  | 	at org.springframework.security.authorization.method.AuthorizationManagerBeforeMethodInterceptor.attemptAuthorization(AuthorizationManagerBeforeMethodInterceptor.java:266) ~[spring-security-core-7.1.0.jar!/:7.1.0]
backend-1  | 	at org.springframework.security.authorization.method.AuthorizationManagerBeforeMethodInterceptor.invoke(AuthorizationManagerBeforeMethodInterceptor.java:197) ~[spring-security-core-7.1.0.jar!/:7.1.0]
backend-1  | 	at org.springframework.security.config.annotation.method.configuration.DeferringMethodInterceptor.invoke(DeferringMethodInterceptor.java:44) ~[spring-security-config-7.1.0.jar!/:7.1.0]
backend-1  | 	at org.springframework.aop.framework.ReflectiveMethodInvocation.proceed(ReflectiveMethodInvocation.java:179) ~[spring-aop-7.0.8.jar!/:7.0.8]
backend-1  | 	at org.springframework.aop.framework.CglibAopProxy$DynamicAdvisedInterceptor.intercept(CglibAopProxy.java:719) ~[spring-aop-7.0.8.jar!/:7.0.8]
backend-1  | 	at com.dms.dashboard.controller.AdminDashboardController$$SpringCGLIB$$0.summary(<generated>) ~[!/:0.0.1-SNAPSHOT]
backend-1  | 	at java.base/jdk.internal.reflect.DirectMethodHandleAccessor.invoke(Unknown Source) ~[na:na]
backend-1  | 	at java.base/java.lang.reflect.Method.invoke(Unknown Source) ~[na:na]
backend-1  | 	at org.springframework.web.method.support.InvocableHandlerMethod.doInvoke(InvocableHandlerMethod.java:252) ~[spring-web-7.0.8.jar!/:7.0.8]
backend-1  | 	at org.springframework.web.method.support.InvocableHandlerMethod.invokeForRequest(InvocableHandlerMethod.java:184) ~[spring-web-7.0.8.jar!/:7.0.8]
backend-1  | 	at org.springframework.web.servlet.mvc.method.annotation.ServletInvocableHandlerMethod.invokeAndHandle(ServletInvocableHandlerMethod.java:117) ~[spring-webmvc-7.0.8.jar!/:7.0.8]
backend-1  | 	at org.springframework.web.servlet.mvc.method.annotation.RequestMappingHandlerAdapter.invokeHandlerMethod(RequestMappingHandlerAdapter.java:934) ~[spring-webmvc-7.0.8.jar!/:7.0.8]
backend-1  | 	at org.springframework.web.servlet.mvc.method.annotation.RequestMappingHandlerAdapter.handleInternal(RequestMappingHandlerAdapter.java:853) ~[spring-webmvc-7.0.8.jar!/:7.0.8]
backend-1  | 	at org.springframework.web.servlet.mvc.method.AbstractHandlerMethodAdapter.handle(AbstractHandlerMethodAdapter.java:86) ~[spring-webmvc-7.0.8.jar!/:7.0.8]
backend-1  | 	at org.springframework.web.servlet.DispatcherServlet.doDispatch(DispatcherServlet.java:963) ~[spring-webmvc-7.0.8.jar!/:7.0.8]
backend-1  | 	at org.springframework.web.servlet.DispatcherServlet.doService(DispatcherServlet.java:866) ~[spring-webmvc-7.0.8.jar!/:7.0.8]
backend-1  | 	at org.springframework.web.servlet.FrameworkServlet.processRequest(FrameworkServlet.java:1000) ~[spring-webmvc-7.0.8.jar!/:7.0.8]
backend-1  | 	at org.springframework.web.servlet.FrameworkServlet.doGet(FrameworkServlet.java:892) ~[spring-webmvc-7.0.8.jar!/:7.0.8]
backend-1  | 	at jakarta.servlet.http.HttpServlet.service(HttpServlet.java:622) ~[tomcat-embed-core-11.0.22.jar!/:na]
backend-1  | 	at org.springframework.web.servlet.FrameworkServlet.service(FrameworkServlet.java:874) ~[spring-webmvc-7.0.8.jar!/:7.0.8]
backend-1  | 	at jakarta.servlet.http.HttpServlet.service(HttpServlet.java:710) ~[tomcat-embed-core-11.0.22.jar!/:na]
backend-1  | 	at org.apache.catalina.core.ApplicationFilterChain.doFilter(ApplicationFilterChain.java:128) ~[tomcat-embed-core-11.0.22.jar!/:na]
backend-1  | 	at org.apache.tomcat.websocket.server.WsFilter.doFilter(WsFilter.java:53) ~[tomcat-embed-websocket-11.0.22.jar!/:na]
backend-1  | 	at org.apache.catalina.core.ApplicationFilterChain.doFilter(ApplicationFilterChain.java:107) ~[tomcat-embed-core-11.0.22.jar!/:na]
backend-1  | 	at org.springframework.web.filter.CompositeFilter$VirtualFilterChain.doFilter(CompositeFilter.java:108) ~[spring-web-7.0.8.jar!/:7.0.8]
backend-1  | 	at org.springframework.security.web.FilterChainProxy.lambda$doFilterInternal$2(FilterChainProxy.java:235) ~[spring-security-web-7.1.0.jar!/:7.1.0]
backend-1  | 	at org.springframework.security.web.ObservationFilterChainDecorator$FilterObservation$SimpleFilterObservation.lambda$wrap$1(ObservationFilterChainDecorator.java:491) ~[spring-security-web-7.1.0.jar!/:7.1.0]
backend-1  | 	at org.springframework.security.web.ObservationFilterChainDecorator$AroundFilterObservation$SimpleAroundFilterObservation.lambda$wrap$1(ObservationFilterChainDecorator.java:353) ~[spring-security-web-7.1.0.jar!/:7.1.0]
backend-1  | 	at org.springframework.security.web.ObservationFilterChainDecorator.lambda$wrapSecured$0(ObservationFilterChainDecorator.java:84) ~[spring-security-web-7.1.0.jar!/:7.1.0]
backend-1  | 	at org.springframework.security.web.ObservationFilterChainDecorator$VirtualFilterChain.doFilter(ObservationFilterChainDecorator.java:131) ~[spring-security-web-7.1.0.jar!/:7.1.0]
backend-1  | 	at org.springframework.security.web.access.intercept.AuthorizationFilter.doFilter(AuthorizationFilter.java:101) ~[spring-security-web-7.1.0.jar!/:7.1.0]
backend-1  | 	at org.springframework.security.web.ObservationFilterChainDecorator$ObservationFilter.wrapFilter(ObservationFilterChainDecorator.java:243) ~[spring-security-web-7.1.0.jar!/:7.1.0]
backend-1  | 	at org.springframework.security.web.ObservationFilterChainDecorator$ObservationFilter.doFilter(ObservationFilterChainDecorator.java:230) ~[spring-security-web-7.1.0.jar!/:7.1.0]
backend-1  | 	at org.springframework.security.web.ObservationFilterChainDecorator$VirtualFilterChain.doFilter(ObservationFilterChainDecorator.java:140) ~[spring-security-web-7.1.0.jar!/:7.1.0]
backend-1  | 	at org.springframework.security.web.access.ExceptionTranslationFilter.doFilter(ExceptionTranslationFilter.java:126) ~[spring-security-web-7.1.0.jar!/:7.1.0]
backend-1  | 	at org.springframework.security.web.access.ExceptionTranslationFilter.doFilter(ExceptionTranslationFilter.java:120) ~[spring-security-web-7.1.0.jar!/:7.1.0]
backend-1  | 	at org.springframework.security.web.ObservationFilterChainDecorator$ObservationFilter.wrapFilter(ObservationFilterChainDecorator.java:243) ~[spring-security-web-7.1.0.jar!/:7.1.0]
backend-1  | 	at org.springframework.security.web.ObservationFilterChainDecorator$ObservationFilter.doFilter(ObservationFilterChainDecorator.java:230) ~[spring-security-web-7.1.0.jar!/:7.1.0]
backend-1  | 	at org.springframework.security.web.ObservationFilterChainDecorator$VirtualFilterChain.doFilter(ObservationFilterChainDecorator.java:140) ~[spring-security-web-7.1.0.jar!/:7.1.0]
backend-1  | 	at org.springframework.security.web.session.SessionManagementFilter.doFilter(SessionManagementFilter.java:132) ~[spring-security-web-7.1.0.jar!/:7.1.0]
backend-1  | 	at org.springframework.security.web.session.SessionManagementFilter.doFilter(SessionManagementFilter.java:86) ~[spring-security-web-7.1.0.jar!/:7.1.0]
backend-1  | 	at org.springframework.security.web.ObservationFilterChainDecorator$ObservationFilter.wrapFilter(ObservationFilterChainDecorator.java:243) ~[spring-security-web-7.1.0.jar!/:7.1.0]
backend-1  | 	at org.springframework.security.web.ObservationFilterChainDecorator$ObservationFilter.doFilter(ObservationFilterChainDecorator.java:230) ~[spring-security-web-7.1.0.jar!/:7.1.0]
backend-1  | 	at org.springframework.security.web.ObservationFilterChainDecorator$VirtualFilterChain.doFilter(ObservationFilterChainDecorator.java:140) ~[spring-security-web-7.1.0.jar!/:7.1.0]
backend-1  | 	at org.springframework.security.web.authentication.AnonymousAuthenticationFilter.doFilter(AnonymousAuthenticationFilter.java:100) ~[spring-security-web-7.1.0.jar!/:7.1.0]
backend-1  | 	at org.springframework.security.web.ObservationFilterChainDecorator$ObservationFilter.wrapFilter(ObservationFilterChainDecorator.java:243) ~[spring-security-web-7.1.0.jar!/:7.1.0]
backend-1  | 	at org.springframework.security.web.ObservationFilterChainDecorator$ObservationFilter.doFilter(ObservationFilterChainDecorator.java:230) ~[spring-security-web-7.1.0.jar!/:7.1.0]
backend-1  | 	at org.springframework.security.web.ObservationFilterChainDecorator$VirtualFilterChain.doFilter(ObservationFilterChainDecorator.java:140) ~[spring-security-web-7.1.0.jar!/:7.1.0]
backend-1  | 	at org.springframework.security.web.servletapi.SecurityContextHolderAwareRequestFilter.doFilter(SecurityContextHolderAwareRequestFilter.java:181) ~[spring-security-web-7.1.0.jar!/:7.1.0]
backend-1  | 	at org.springframework.security.web.ObservationFilterChainDecorator$ObservationFilter.wrapFilter(ObservationFilterChainDecorator.java:243) ~[spring-security-web-7.1.0.jar!/:7.1.0]
backend-1  | 	at org.springframework.security.web.ObservationFilterChainDecorator$ObservationFilter.doFilter(ObservationFilterChainDecorator.java:230) ~[spring-security-web-7.1.0.jar!/:7.1.0]
backend-1  | 	at org.springframework.security.web.ObservationFilterChainDecorator$VirtualFilterChain.doFilter(ObservationFilterChainDecorator.java:140) ~[spring-security-web-7.1.0.jar!/:7.1.0]
backend-1  | 	at org.springframework.security.web.savedrequest.RequestCacheAwareFilter.doFilter(RequestCacheAwareFilter.java:63) ~[spring-security-web-7.1.0.jar!/:7.1.0]
backend-1  | 	at org.springframework.security.web.ObservationFilterChainDecorator$ObservationFilter.wrapFilter(ObservationFilterChainDecorator.java:243) ~[spring-security-web-7.1.0.jar!/:7.1.0]
backend-1  | 	at org.springframework.security.web.ObservationFilterChainDecorator$ObservationFilter.doFilter(ObservationFilterChainDecorator.java:230) ~[spring-security-web-7.1.0.jar!/:7.1.0]
backend-1  | 	at org.springframework.security.web.ObservationFilterChainDecorator$VirtualFilterChain.doFilter(ObservationFilterChainDecorator.java:140) ~[spring-security-web-7.1.0.jar!/:7.1.0]
backend-1  | 	at org.springframework.security.oauth2.server.resource.web.authentication.BearerTokenAuthenticationFilter.doFilterInternal(BearerTokenAuthenticationFilter.java:207) ~[spring-security-oauth2-resource-server-7.1.0.jar!/:7.1.0]
backend-1  | 	at org.springframework.web.filter.OncePerRequestFilter.doFilter(OncePerRequestFilter.java:116) ~[spring-web-7.0.8.jar!/:7.0.8]
backend-1  | 	at org.springframework.security.web.ObservationFilterChainDecorator$ObservationFilter.wrapFilter(ObservationFilterChainDecorator.java:243) ~[spring-security-web-7.1.0.jar!/:7.1.0]
backend-1  | 	at org.springframework.security.web.ObservationFilterChainDecorator$ObservationFilter.doFilter(ObservationFilterChainDecorator.java:230) ~[spring-security-web-7.1.0.jar!/:7.1.0]
backend-1  | 	at org.springframework.security.web.ObservationFilterChainDecorator$VirtualFilterChain.doFilter(ObservationFilterChainDecorator.java:140) ~[spring-security-web-7.1.0.jar!/:7.1.0]
backend-1  | 	at org.springframework.security.oauth2.server.resource.web.OAuth2ProtectedResourceMetadataFilter.doFilterInternal(OAuth2ProtectedResourceMetadataFilter.java:98) ~[spring-security-oauth2-resource-server-7.1.0.jar!/:7.1.0]
backend-1  | 	at org.springframework.web.filter.OncePerRequestFilter.doFilter(OncePerRequestFilter.java:116) ~[spring-web-7.0.8.jar!/:7.0.8]
backend-1  | 	at org.springframework.security.web.ObservationFilterChainDecorator$ObservationFilter.wrapFilter(ObservationFilterChainDecorator.java:243) ~[spring-security-web-7.1.0.jar!/:7.1.0]
backend-1  | 	at org.springframework.security.web.ObservationFilterChainDecorator$ObservationFilter.doFilter(ObservationFilterChainDecorator.java:230) ~[spring-security-web-7.1.0.jar!/:7.1.0]
backend-1  | 	at org.springframework.security.web.ObservationFilterChainDecorator$VirtualFilterChain.doFilter(ObservationFilterChainDecorator.java:140) ~[spring-security-web-7.1.0.jar!/:7.1.0]
backend-1  | 	at org.springframework.security.web.authentication.logout.LogoutFilter.doFilter(LogoutFilter.java:110) ~[spring-security-web-7.1.0.jar!/:7.1.0]
backend-1  | 	at org.springframework.security.web.authentication.logout.LogoutFilter.doFilter(LogoutFilter.java:96) ~[spring-security-web-7.1.0.jar!/:7.1.0]
backend-1  | 	at org.springframework.security.web.ObservationFilterChainDecorator$ObservationFilter.wrapFilter(ObservationFilterChainDecorator.java:243) ~[spring-security-web-7.1.0.jar!/:7.1.0]
backend-1  | 	at org.springframework.security.web.ObservationFilterChainDecorator$ObservationFilter.doFilter(ObservationFilterChainDecorator.java:230) ~[spring-security-web-7.1.0.jar!/:7.1.0]
backend-1  | 	at org.springframework.security.web.ObservationFilterChainDecorator$VirtualFilterChain.doFilter(ObservationFilterChainDecorator.java:140) ~[spring-security-web-7.1.0.jar!/:7.1.0]
backend-1  | 	at org.springframework.web.filter.CorsFilter.doFilterInternal(CorsFilter.java:91) ~[spring-web-7.0.8.jar!/:7.0.8]
backend-1  | 	at org.springframework.web.filter.OncePerRequestFilter.doFilter(OncePerRequestFilter.java:116) ~[spring-web-7.0.8.jar!/:7.0.8]
backend-1  | 	at org.springframework.security.web.ObservationFilterChainDecorator$ObservationFilter.wrapFilter(ObservationFilterChainDecorator.java:243) ~[spring-security-web-7.1.0.jar!/:7.1.0]
backend-1  | 	at org.springframework.security.web.ObservationFilterChainDecorator$ObservationFilter.doFilter(ObservationFilterChainDecorator.java:230) ~[spring-security-web-7.1.0.jar!/:7.1.0]
backend-1  | 	at org.springframework.security.web.ObservationFilterChainDecorator$VirtualFilterChain.doFilter(ObservationFilterChainDecorator.java:140) ~[spring-security-web-7.1.0.jar!/:7.1.0]
backend-1  | 	at org.springframework.security.web.header.HeaderWriterFilter.doHeadersAfter(HeaderWriterFilter.java:90) ~[spring-security-web-7.1.0.jar!/:7.1.0]
backend-1  | 	at org.springframework.security.web.header.HeaderWriterFilter.doFilterInternal(HeaderWriterFilter.java:75) ~[spring-security-web-7.1.0.jar!/:7.1.0]
backend-1  | 	at org.springframework.web.filter.OncePerRequestFilter.doFilter(OncePerRequestFilter.java:116) ~[spring-web-7.0.8.jar!/:7.0.8]
backend-1  | 	at org.springframework.security.web.ObservationFilterChainDecorator$ObservationFilter.wrapFilter(ObservationFilterChainDecorator.java:243) ~[spring-security-web-7.1.0.jar!/:7.1.0]
backend-1  | 	at org.springframework.security.web.ObservationFilterChainDecorator$ObservationFilter.doFilter(ObservationFilterChainDecorator.java:230) ~[spring-security-web-7.1.0.jar!/:7.1.0]
backend-1  | 	at org.springframework.security.web.ObservationFilterChainDecorator$VirtualFilterChain.doFilter(ObservationFilterChainDecorator.java:140) ~[spring-security-web-7.1.0.jar!/:7.1.0]
backend-1  | 	at org.springframework.security.web.context.SecurityContextHolderFilter.doFilter(SecurityContextHolderFilter.java:82) ~[spring-security-web-7.1.0.jar!/:7.1.0]
backend-1  | 	at org.springframework.security.web.context.SecurityContextHolderFilter.doFilter(SecurityContextHolderFilter.java:69) ~[spring-security-web-7.1.0.jar!/:7.1.0]
backend-1  | 	at org.springframework.security.web.ObservationFilterChainDecorator$ObservationFilter.wrapFilter(ObservationFilterChainDecorator.java:243) ~[spring-security-web-7.1.0.jar!/:7.1.0]
backend-1  | 	at org.springframework.security.web.ObservationFilterChainDecorator$ObservationFilter.doFilter(ObservationFilterChainDecorator.java:230) ~[spring-security-web-7.1.0.jar!/:7.1.0]
backend-1  | 	at org.springframework.security.web.ObservationFilterChainDecorator$VirtualFilterChain.doFilter(ObservationFilterChainDecorator.java:140) ~[spring-security-web-7.1.0.jar!/:7.1.0]
backend-1  | 	at org.springframework.security.web.context.request.async.WebAsyncManagerIntegrationFilter.doFilterInternal(WebAsyncManagerIntegrationFilter.java:62) ~[spring-security-web-7.1.0.jar!/:7.1.0]
backend-1  | 	at org.springframework.web.filter.OncePerRequestFilter.doFilter(OncePerRequestFilter.java:116) ~[spring-web-7.0.8.jar!/:7.0.8]
backend-1  | 	at org.springframework.security.web.ObservationFilterChainDecorator$ObservationFilter.wrapFilter(ObservationFilterChainDecorator.java:243) ~[spring-security-web-7.1.0.jar!/:7.1.0]
backend-1  | 	at org.springframework.security.web.ObservationFilterChainDecorator$ObservationFilter.doFilter(ObservationFilterChainDecorator.java:230) ~[spring-security-web-7.1.0.jar!/:7.1.0]
backend-1  | 	at org.springframework.security.web.ObservationFilterChainDecorator$VirtualFilterChain.doFilter(ObservationFilterChainDecorator.java:140) ~[spring-security-web-7.1.0.jar!/:7.1.0]
backend-1  | 	at org.springframework.security.web.session.DisableEncodeUrlFilter.doFilterInternal(DisableEncodeUrlFilter.java:42) ~[spring-security-web-7.1.0.jar!/:7.1.0]
backend-1  | 	at org.springframework.web.filter.OncePerRequestFilter.doFilter(OncePerRequestFilter.java:116) ~[spring-web-7.0.8.jar!/:7.0.8]
backend-1  | 	at org.springframework.security.web.ObservationFilterChainDecorator$ObservationFilter.wrapFilter(ObservationFilterChainDecorator.java:243) ~[spring-security-web-7.1.0.jar!/:7.1.0]
backend-1  | 	at org.springframework.security.web.ObservationFilterChainDecorator$AroundFilterObservation$SimpleAroundFilterObservation.lambda$wrap$0(ObservationFilterChainDecorator.java:336) ~[spring-security-web-7.1.0.jar!/:7.1.0]
backend-1  | 	at org.springframework.security.web.ObservationFilterChainDecorator$ObservationFilter.doFilter(ObservationFilterChainDecorator.java:227) ~[spring-security-web-7.1.0.jar!/:7.1.0]
backend-1  | 	at org.springframework.security.web.ObservationFilterChainDecorator$VirtualFilterChain.doFilter(ObservationFilterChainDecorator.java:140) ~[spring-security-web-7.1.0.jar!/:7.1.0]
backend-1  | 	at org.springframework.security.web.FilterChainProxy.doFilterInternal(FilterChainProxy.java:237) ~[spring-security-web-7.1.0.jar!/:7.1.0]
backend-1  | 	at org.springframework.security.web.FilterChainProxy.doFilter(FilterChainProxy.java:195) ~[spring-security-web-7.1.0.jar!/:7.1.0]
backend-1  | 	at org.springframework.web.filter.CompositeFilter$VirtualFilterChain.doFilter(CompositeFilter.java:113) ~[spring-web-7.0.8.jar!/:7.0.8]
backend-1  | 	at org.springframework.web.filter.ServletRequestPathFilter.doFilter(ServletRequestPathFilter.java:52) ~[spring-web-7.0.8.jar!/:7.0.8]
backend-1  | 	at org.springframework.web.filter.CompositeFilter$VirtualFilterChain.doFilter(CompositeFilter.java:113) ~[spring-web-7.0.8.jar!/:7.0.8]
backend-1  | 	at org.springframework.web.filter.CompositeFilter.doFilter(CompositeFilter.java:74) ~[spring-web-7.0.8.jar!/:7.0.8]
backend-1  | 	at org.springframework.security.config.annotation.web.configuration.WebSecurityConfiguration$CompositeFilterChainProxy.doFilter(WebSecurityConfiguration.java:317) ~[spring-security-config-7.1.0.jar!/:7.1.0]
backend-1  | 	at org.springframework.web.filter.DelegatingFilterProxy.invokeDelegate(DelegatingFilterProxy.java:355) ~[spring-web-7.0.8.jar!/:7.0.8]
backend-1  | 	at org.springframework.web.filter.DelegatingFilterProxy.doFilter(DelegatingFilterProxy.java:272) ~[spring-web-7.0.8.jar!/:7.0.8]
backend-1  | 	at org.apache.catalina.core.ApplicationFilterChain.doFilter(ApplicationFilterChain.java:107) ~[tomcat-embed-core-11.0.22.jar!/:na]
backend-1  | 	at org.springframework.web.filter.RequestContextFilter.doFilterInternal(RequestContextFilter.java:100) ~[spring-web-7.0.8.jar!/:7.0.8]
backend-1  | 	at org.springframework.web.filter.OncePerRequestFilter.doFilter(OncePerRequestFilter.java:116) ~[spring-web-7.0.8.jar!/:7.0.8]
backend-1  | 	at org.apache.catalina.core.ApplicationFilterChain.doFilter(ApplicationFilterChain.java:107) ~[tomcat-embed-core-11.0.22.jar!/:na]
backend-1  | 	at org.springframework.web.filter.FormContentFilter.doFilterInternal(FormContentFilter.java:93) ~[spring-web-7.0.8.jar!/:7.0.8]
backend-1  | 	at org.springframework.web.filter.OncePerRequestFilter.doFilter(OncePerRequestFilter.java:116) ~[spring-web-7.0.8.jar!/:7.0.8]
backend-1  | 	at org.apache.catalina.core.ApplicationFilterChain.doFilter(ApplicationFilterChain.java:107) ~[tomcat-embed-core-11.0.22.jar!/:na]
backend-1  | 	at org.springframework.web.filter.ServerHttpObservationFilter.doFilterInternal(ServerHttpObservationFilter.java:110) ~[spring-web-7.0.8.jar!/:7.0.8]
backend-1  | 	at org.springframework.web.filter.OncePerRequestFilter.doFilter(OncePerRequestFilter.java:116) ~[spring-web-7.0.8.jar!/:7.0.8]
backend-1  | 	at org.apache.catalina.core.ApplicationFilterChain.doFilter(ApplicationFilterChain.java:107) ~[tomcat-embed-core-11.0.22.jar!/:na]
backend-1  | 	at org.springframework.web.filter.CharacterEncodingFilter.doFilterInternal(CharacterEncodingFilter.java:199) ~[spring-web-7.0.8.jar!/:7.0.8]
backend-1  | 	at org.springframework.web.filter.OncePerRequestFilter.doFilter(OncePerRequestFilter.java:116) ~[spring-web-7.0.8.jar!/:7.0.8]
backend-1  | 	at org.apache.catalina.core.ApplicationFilterChain.doFilter(ApplicationFilterChain.java:107) ~[tomcat-embed-core-11.0.22.jar!/:na]
backend-1  | 	at org.apache.catalina.core.StandardWrapperValve.invoke(StandardWrapperValve.java:165) ~[tomcat-embed-core-11.0.22.jar!/:na]
backend-1  | 	at org.apache.catalina.core.StandardContextValve.invoke(StandardContextValve.java:77) ~[tomcat-embed-core-11.0.22.jar!/:na]
backend-1  | 	at org.apache.catalina.authenticator.AuthenticatorBase.invoke(AuthenticatorBase.java:492) ~[tomcat-embed-core-11.0.22.jar!/:na]
backend-1  | 	at org.apache.catalina.core.StandardHostValve.invoke(StandardHostValve.java:113) ~[tomcat-embed-core-11.0.22.jar!/:na]
backend-1  | 	at org.apache.catalina.valves.ErrorReportValve.invoke(ErrorReportValve.java:83) ~[tomcat-embed-core-11.0.22.jar!/:na]
backend-1  | 	at org.apache.catalina.core.StandardEngineValve.invoke(StandardEngineValve.java:72) ~[tomcat-embed-core-11.0.22.jar!/:na]
backend-1  | 	at org.apache.catalina.connector.CoyoteAdapter.service(CoyoteAdapter.java:341) ~[tomcat-embed-core-11.0.22.jar!/:na]
backend-1  | 	at org.apache.coyote.http11.Http11Processor.service(Http11Processor.java:397) ~[tomcat-embed-core-11.0.22.jar!/:na]
backend-1  | 	at org.apache.coyote.AbstractProcessorLight.process(AbstractProcessorLight.java:63) ~[tomcat-embed-core-11.0.22.jar!/:na]
backend-1  | 	at org.apache.coyote.AbstractProtocol$ConnectionHandler.process(AbstractProtocol.java:1272) ~[tomcat-embed-core-11.0.22.jar!/:na]
backend-1  | 	at org.apache.tomcat.util.net.NioEndpoint$SocketProcessor.doRun(NioEndpoint.java:1801) ~[tomcat-embed-core-11.0.22.jar!/:na]
backend-1  | 	at org.apache.tomcat.util.net.SocketProcessorBase.run(SocketProcessorBase.java:52) ~[tomcat-embed-core-11.0.22.jar!/:na]
backend-1  | 	at org.apache.tomcat.util.threads.ThreadPoolExecutor.runWorker(ThreadPoolExecutor.java:946) ~[tomcat-embed-core-11.0.22.jar!/:na]
backend-1  | 	at org.apache.tomcat.util.threads.ThreadPoolExecutor$Worker.run(ThreadPoolExecutor.java:480) ~[tomcat-embed-core-11.0.22.jar!/:na]
backend-1  | 	at org.apache.tomcat.util.threads.TaskThread$WrappingRunnable.run(TaskThread.java:57) ~[tomcat-embed-core-11.0.22.jar!/:na]
backend-1  | 	at java.base/java.lang.Thread.run(Unknown Source) ~[na:na]
backend-1  | Caused by: org.postgresql.util.PSQLException: ERROR: could not determine data type of parameter $2
backend-1  | 	at org.postgresql.core.v3.QueryExecutorImpl.receiveErrorResponse(QueryExecutorImpl.java:2904) ~[postgresql-42.7.11.jar!/:42.7.11]
backend-1  | 	at org.postgresql.core.v3.QueryExecutorImpl.processResults(QueryExecutorImpl.java:2589) ~[postgresql-42.7.11.jar!/:42.7.11]
backend-1  | 	at org.postgresql.core.v3.QueryExecutorImpl.execute(QueryExecutorImpl.java:431) ~[postgresql-42.7.11.jar!/:42.7.11]
backend-1  | 	at org.postgresql.jdbc.PgStatement.executeInternal(PgStatement.java:534) ~[postgresql-42.7.11.jar!/:42.7.11]
backend-1  | 	at org.postgresql.jdbc.PgStatement.execute(PgStatement.java:437) ~[postgresql-42.7.11.jar!/:42.7.11]
backend-1  | 	at org.postgresql.jdbc.PgPreparedStatement.executeWithFlags(PgPreparedStatement.java:196) ~[postgresql-42.7.11.jar!/:42.7.11]
backend-1  | 	at org.postgresql.jdbc.PgPreparedStatement.executeQuery(PgPreparedStatement.java:139) ~[postgresql-42.7.11.jar!/:42.7.11]
backend-1  | 	at com.zaxxer.hikari.pool.ProxyPreparedStatement.executeQuery(ProxyPreparedStatement.java:52) ~[HikariCP-7.0.2.jar!/:na]
backend-1  | 	at com.zaxxer.hikari.pool.HikariProxyPreparedStatement.executeQuery(HikariProxyPreparedStatement.java) ~[HikariCP-7.0.2.jar!/:na]
backend-1  | 	at org.springframework.jdbc.core.JdbcTemplate.lambda$query$0(JdbcTemplate.java:738) ~[spring-jdbc-7.0.8.jar!/:7.0.8]
backend-1  | 	at org.springframework.jdbc.core.JdbcTemplate.execute(JdbcTemplate.java:670) ~[spring-jdbc-7.0.8.jar!/:7.0.8]
backend-1  | 	... 171 common frames omitted
backend-1  | 
backend-1  | 2026-08-05T04:54:12.621Z TRACE 1 --- [dms] [nio-8080-exec-1] o.s.s.w.header.writers.HstsHeaderWriter  : Not injecting HSTS header since it did not match request to [Is Secure]
backend-1  | 2026-08-05T04:54:12.637Z TRACE 1 --- [dms] [nio-8080-exec-2] o.s.security.web.FilterChainProxy        : Trying to match request against DefaultSecurityFilterChain defined as 'securityFilterChain' in [class path resource [com/dms/common/security/SecurityConfig.class]] matching [any request] and having filters [DisableEncodeUrl, WebAsyncManagerIntegration, SecurityContextHolder, HeaderWriter, Cors, Logout, OAuth2ProtectedResourceMetadata, BearerTokenAuthentication, RequestCacheAware, SecurityContextHolderAwareRequest, AnonymousAuthentication, SessionManagement, ExceptionTranslation, Authorization] (1/1)
backend-1  | 2026-08-05T04:54:12.637Z DEBUG 1 --- [dms] [nio-8080-exec-2] o.s.security.web.FilterChainProxy        : Securing GET /admin/dashboard/access-stats?granularity=day
backend-1  | 2026-08-05T04:54:12.637Z TRACE 1 --- [dms] [nio-8080-exec-2] o.s.security.web.FilterChainProxy        : Invoking DisableEncodeUrlFilter (1/14)
backend-1  | 2026-08-05T04:54:12.638Z TRACE 1 --- [dms] [nio-8080-exec-2] o.s.security.web.FilterChainProxy        : Invoking WebAsyncManagerIntegrationFilter (2/14)
backend-1  | 2026-08-05T04:54:12.638Z TRACE 1 --- [dms] [nio-8080-exec-2] o.s.security.web.FilterChainProxy        : Invoking SecurityContextHolderFilter (3/14)
backend-1  | 2026-08-05T04:54:12.638Z TRACE 1 --- [dms] [nio-8080-exec-2] o.s.security.web.FilterChainProxy        : Invoking HeaderWriterFilter (4/14)
backend-1  | 2026-08-05T04:54:12.638Z TRACE 1 --- [dms] [nio-8080-exec-2] o.s.security.web.FilterChainProxy        : Invoking CorsFilter (5/14)
backend-1  | 2026-08-05T04:54:12.638Z TRACE 1 --- [dms] [nio-8080-exec-2] o.s.security.web.FilterChainProxy        : Invoking LogoutFilter (6/14)
backend-1  | 2026-08-05T04:54:12.639Z TRACE 1 --- [dms] [nio-8080-exec-2] o.s.s.w.a.logout.LogoutFilter            : Did not match request to Or [PathPattern [GET /logout], PathPattern [POST /logout], PathPattern [PUT /logout], PathPattern [DELETE /logout]]
backend-1  | 2026-08-05T04:54:12.639Z TRACE 1 --- [dms] [nio-8080-exec-2] o.s.security.web.FilterChainProxy        : Invoking OAuth2ProtectedResourceMetadataFilter (7/14)
backend-1  | 2026-08-05T04:54:12.639Z TRACE 1 --- [dms] [nio-8080-exec-2] o.s.security.web.FilterChainProxy        : Invoking BearerTokenAuthenticationFilter (8/14)
backend-1  | 2026-08-05T04:54:12.639Z TRACE 1 --- [dms] [nio-8080-exec-2] o.s.s.authentication.ProviderManager     : Authenticating request with JwtAuthenticationProvider (1/2)
backend-1  | 2026-08-05T04:54:12.640Z DEBUG 1 --- [dms] [nio-8080-exec-2] o.s.s.o.s.r.a.JwtAuthenticationProvider  : Authenticated token
backend-1  | 2026-08-05T04:54:12.641Z TRACE 1 --- [dms] [nio-8080-exec-2] .s.s.w.c.SupplierDeferredSecurityContext : Created SecurityContextImpl [Null authentication]
backend-1  | 2026-08-05T04:54:12.641Z DEBUG 1 --- [dms] [nio-8080-exec-2] .s.r.w.a.BearerTokenAuthenticationFilter : Set SecurityContextHolder to JwtAuthenticationToken [Principal=org.springframework.security.oauth2.server.resource.authentication.JwtAuthenticationConverter$JwtAuthenticatedPrincipal@e05cdb73, Credentials=[PROTECTED], Authenticated=true, Details=WebAuthenticationDetails [RemoteIpAddress=172.19.0.1, SessionId=null], Granted Authorities=[FactorGrantedAuthority [authority=FACTOR_BEARER, issuedAt=2026-08-05T04:54:12.640749008Z], ROLE_ADMIN]]
backend-1  | 2026-08-05T04:54:12.641Z TRACE 1 --- [dms] [nio-8080-exec-2] o.s.security.web.FilterChainProxy        : Invoking RequestCacheAwareFilter (9/14)
backend-1  | 2026-08-05T04:54:12.641Z TRACE 1 --- [dms] [nio-8080-exec-2] o.s.security.web.FilterChainProxy        : Invoking SecurityContextHolderAwareRequestFilter (10/14)
backend-1  | 2026-08-05T04:54:12.642Z TRACE 1 --- [dms] [nio-8080-exec-2] o.s.security.web.FilterChainProxy        : Invoking AnonymousAuthenticationFilter (11/14)
backend-1  | 2026-08-05T04:54:12.642Z TRACE 1 --- [dms] [nio-8080-exec-2] o.s.security.web.FilterChainProxy        : Invoking SessionManagementFilter (12/14)
backend-1  | 2026-08-05T04:54:12.643Z TRACE 1 --- [dms] [nio-8080-exec-2] o.s.s.w.a.AnonymousAuthenticationFilter  : Did not set SecurityContextHolder since already authenticated JwtAuthenticationToken [Principal=org.springframework.security.oauth2.server.resource.authentication.JwtAuthenticationConverter$JwtAuthenticatedPrincipal@e05cdb73, Credentials=[PROTECTED], Authenticated=true, Details=WebAuthenticationDetails [RemoteIpAddress=172.19.0.1, SessionId=null], Granted Authorities=[FactorGrantedAuthority [authority=FACTOR_BEARER, issuedAt=2026-08-05T04:54:12.640749008Z], ROLE_ADMIN]]
backend-1  | 2026-08-05T04:54:12.643Z TRACE 1 --- [dms] [nio-8080-exec-2] s.CompositeSessionAuthenticationStrategy : Preparing session with ChangeSessionIdAuthenticationStrategy (1/1)
backend-1  | 2026-08-05T04:54:12.644Z TRACE 1 --- [dms] [nio-8080-exec-2] o.s.security.web.FilterChainProxy        : Invoking ExceptionTranslationFilter (13/14)
backend-1  | 2026-08-05T04:54:12.644Z TRACE 1 --- [dms] [nio-8080-exec-2] o.s.security.web.FilterChainProxy        : Invoking AuthorizationFilter (14/14)
backend-1  | 2026-08-05T04:54:12.645Z TRACE 1 --- [dms] [nio-8080-exec-2] estMatcherDelegatingAuthorizationManager : Authorizing GET /admin/dashboard/access-stats?granularity=day
backend-1  | 2026-08-05T04:54:12.646Z TRACE 1 --- [dms] [nio-8080-exec-2] estMatcherDelegatingAuthorizationManager : Checking authorization on GET /admin/dashboard/access-stats?granularity=day using org.springframework.security.authorization.AuthenticatedAuthorizationManager@6912008b
backend-1  | 2026-08-05T04:54:12.647Z DEBUG 1 --- [dms] [nio-8080-exec-2] o.s.security.web.FilterChainProxy        : Secured GET /admin/dashboard/access-stats?granularity=day
backend-1  | 2026-08-05T04:54:12.649Z DEBUG 1 --- [dms] [nio-8080-exec-2] horizationManagerBeforeMethodInterceptor : Authorizing method invocation ReflectiveMethodInvocation: public com.dms.common.dto.ApiResponse com.dms.dashboard.controller.AdminDashboardController.accessStats(java.time.OffsetDateTime,java.time.OffsetDateTime,java.lang.String); target is of class [com.dms.dashboard.controller.AdminDashboardController]
backend-1  | 2026-08-05T04:54:12.650Z DEBUG 1 --- [dms] [nio-8080-exec-2] horizationManagerBeforeMethodInterceptor : Authorized method invocation ReflectiveMethodInvocation: public com.dms.common.dto.ApiResponse com.dms.dashboard.controller.AdminDashboardController.accessStats(java.time.OffsetDateTime,java.time.OffsetDateTime,java.lang.String); target is of class [com.dms.dashboard.controller.AdminDashboardController]
backend-1  | 2026-08-05T04:54:12.654Z ERROR 1 --- [dms] [nio-8080-exec-2] c.d.c.exception.GlobalExceptionHandler   : Unhandled exception
backend-1  | 
backend-1  | org.springframework.jdbc.BadSqlGrammarException: PreparedStatementCallback; bad SQL grammar [WITH access_points AS (
backend-1  |     SELECT date_trunc(?, created_at) AS bucket,
backend-1  |            count(*) FILTER (WHERE action = 'PREVIEW' AND access_granted = true) AS previews,
backend-1  |            count(*) FILTER (WHERE action IN ('DOWNLOAD', 'VERSION_DOWNLOAD') AND access_granted = true) AS downloads,
backend-1  |            count(*) FILTER (WHERE action = 'VIEW' AND access_granted = true) AS views,
backend-1  |            0::bigint AS searches,
backend-1  |            0::bigint AS logins,
backend-1  |            count(DISTINCT user_id) AS unique_users
backend-1  |     FROM access_logs
backend-1  |     WHERE (? IS NULL OR created_at >= ?)
backend-1  |       AND (? IS NULL OR created_at <= ?)
backend-1  |     GROUP BY bucket
backend-1  |     UNION ALL
backend-1  |     SELECT date_trunc(?, created_at) AS bucket,
backend-1  |            0, 0, 0, count(*), 0, count(DISTINCT user_id)
backend-1  |     FROM search_logs
backend-1  |     WHERE (? IS NULL OR created_at >= ?)
backend-1  |       AND (? IS NULL OR created_at <= ?)
backend-1  |     GROUP BY bucket
backend-1  |     UNION ALL
backend-1  |     SELECT date_trunc(?, created_at) AS bucket,
backend-1  |            0, 0, 0, 0, count(*), count(DISTINCT actor_id)
backend-1  |     FROM audit_logs
backend-1  |     WHERE action = 'LOGIN'
backend-1  |       AND (? IS NULL OR created_at >= ?)
backend-1  |       AND (? IS NULL OR created_at <= ?)
backend-1  |     GROUP BY bucket
backend-1  | )
backend-1  | SELECT bucket::date::text AS bucket_date,
backend-1  |        sum(previews) AS previews,
backend-1  |        sum(downloads) AS downloads,
backend-1  |        sum(views) AS views,
backend-1  |        sum(searches) AS searches,
backend-1  |        sum(logins) AS logins,
backend-1  |        sum(unique_users) AS unique_users
backend-1  | FROM access_points
backend-1  | GROUP BY bucket
backend-1  | ORDER BY bucket
backend-1  | ]
backend-1  | 	at org.springframework.jdbc.support.SQLStateSQLExceptionTranslator.doTranslate(SQLStateSQLExceptionTranslator.java:134) ~[spring-jdbc-7.0.8.jar!/:7.0.8]
backend-1  | 	at org.springframework.jdbc.support.AbstractFallbackSQLExceptionTranslator.translate(AbstractFallbackSQLExceptionTranslator.java:102) ~[spring-jdbc-7.0.8.jar!/:7.0.8]
backend-1  | 	at org.springframework.jdbc.support.AbstractFallbackSQLExceptionTranslator.translate(AbstractFallbackSQLExceptionTranslator.java:111) ~[spring-jdbc-7.0.8.jar!/:7.0.8]
backend-1  | 	at org.springframework.jdbc.core.JdbcTemplate.translateException(JdbcTemplate.java:1549) ~[spring-jdbc-7.0.8.jar!/:7.0.8]
backend-1  | 	at org.springframework.jdbc.core.JdbcTemplate.execute(JdbcTemplate.java:689) ~[spring-jdbc-7.0.8.jar!/:7.0.8]
backend-1  | 	at org.springframework.jdbc.core.JdbcTemplate.query(JdbcTemplate.java:732) ~[spring-jdbc-7.0.8.jar!/:7.0.8]
backend-1  | 	at org.springframework.jdbc.core.JdbcTemplate.query(JdbcTemplate.java:752) ~[spring-jdbc-7.0.8.jar!/:7.0.8]
backend-1  | 	at org.springframework.jdbc.core.JdbcTemplate.query(JdbcTemplate.java:804) ~[spring-jdbc-7.0.8.jar!/:7.0.8]
backend-1  | 	at org.springframework.jdbc.core.namedparam.NamedParameterJdbcTemplate.query(NamedParameterJdbcTemplate.java:224) ~[spring-jdbc-7.0.8.jar!/:7.0.8]
backend-1  | 	at com.dms.dashboard.repository.DashboardQueryRepository.accessTrend(DashboardQueryRepository.java:236) ~[!/:0.0.1-SNAPSHOT]
backend-1  | 	at java.base/jdk.internal.reflect.DirectMethodHandleAccessor.invoke(Unknown Source) ~[na:na]
backend-1  | 	at java.base/java.lang.reflect.Method.invoke(Unknown Source) ~[na:na]
backend-1  | 	at org.springframework.aop.support.AopUtils.invokeJoinpointUsingReflection(AopUtils.java:359) ~[spring-aop-7.0.8.jar!/:7.0.8]
backend-1  | 	at org.springframework.aop.framework.ReflectiveMethodInvocation.invokeJoinpoint(ReflectiveMethodInvocation.java:190) ~[spring-aop-7.0.8.jar!/:7.0.8]
backend-1  | 	at org.springframework.aop.framework.ReflectiveMethodInvocation.proceed(ReflectiveMethodInvocation.java:158) ~[spring-aop-7.0.8.jar!/:7.0.8]
backend-1  | 	at org.springframework.dao.support.PersistenceExceptionTranslationInterceptor.invoke(PersistenceExceptionTranslationInterceptor.java:135) ~[spring-tx-7.0.8.jar!/:7.0.8]
backend-1  | 	at org.springframework.aop.framework.ReflectiveMethodInvocation.proceed(ReflectiveMethodInvocation.java:179) ~[spring-aop-7.0.8.jar!/:7.0.8]
backend-1  | 	at org.springframework.aop.framework.CglibAopProxy$DynamicAdvisedInterceptor.intercept(CglibAopProxy.java:719) ~[spring-aop-7.0.8.jar!/:7.0.8]
backend-1  | 	at com.dms.dashboard.repository.DashboardQueryRepository$$SpringCGLIB$$0.accessTrend(<generated>) ~[!/:0.0.1-SNAPSHOT]
backend-1  | 	at com.dms.dashboard.service.DashboardService.accessStats(DashboardService.java:76) ~[!/:0.0.1-SNAPSHOT]
backend-1  | 	at java.base/jdk.internal.reflect.DirectMethodHandleAccessor.invoke(Unknown Source) ~[na:na]
backend-1  | 	at java.base/java.lang.reflect.Method.invoke(Unknown Source) ~[na:na]
backend-1  | 	at org.springframework.aop.support.AopUtils.invokeJoinpointUsingReflection(AopUtils.java:359) ~[spring-aop-7.0.8.jar!/:7.0.8]
backend-1  | 	at org.springframework.aop.framework.ReflectiveMethodInvocation.invokeJoinpoint(ReflectiveMethodInvocation.java:190) ~[spring-aop-7.0.8.jar!/:7.0.8]
backend-1  | 	at org.springframework.aop.framework.ReflectiveMethodInvocation.proceed(ReflectiveMethodInvocation.java:158) ~[spring-aop-7.0.8.jar!/:7.0.8]
backend-1  | 	at org.springframework.transaction.interceptor.TransactionInterceptor$1.proceedWithInvocation(TransactionInterceptor.java:133) ~[spring-tx-7.0.8.jar!/:7.0.8]
backend-1  | 	at org.springframework.transaction.interceptor.TransactionAspectSupport.invokeWithinTransaction(TransactionAspectSupport.java:371) ~[spring-tx-7.0.8.jar!/:7.0.8]
backend-1  | 	at org.springframework.transaction.interceptor.TransactionInterceptor.invoke(TransactionInterceptor.java:130) ~[spring-tx-7.0.8.jar!/:7.0.8]
backend-1  | 	at org.springframework.aop.framework.ReflectiveMethodInvocation.proceed(ReflectiveMethodInvocation.java:179) ~[spring-aop-7.0.8.jar!/:7.0.8]
backend-1  | 	at org.springframework.aop.framework.CglibAopProxy$DynamicAdvisedInterceptor.intercept(CglibAopProxy.java:719) ~[spring-aop-7.0.8.jar!/:7.0.8]
backend-1  | 	at com.dms.dashboard.service.DashboardService$$SpringCGLIB$$0.accessStats(<generated>) ~[!/:0.0.1-SNAPSHOT]
backend-1  | 	at com.dms.dashboard.controller.AdminDashboardController.accessStats(AdminDashboardController.java:53) ~[!/:0.0.1-SNAPSHOT]
backend-1  | 	at java.base/jdk.internal.reflect.DirectMethodHandleAccessor.invoke(Unknown Source) ~[na:na]
backend-1  | 	at java.base/java.lang.reflect.Method.invoke(Unknown Source) ~[na:na]
backend-1  | 	at org.springframework.aop.support.AopUtils.invokeJoinpointUsingReflection(AopUtils.java:359) ~[spring-aop-7.0.8.jar!/:7.0.8]
backend-1  | 	at org.springframework.aop.framework.ReflectiveMethodInvocation.invokeJoinpoint(ReflectiveMethodInvocation.java:190) ~[spring-aop-7.0.8.jar!/:7.0.8]
backend-1  | 	at org.springframework.aop.framework.ReflectiveMethodInvocation.proceed(ReflectiveMethodInvocation.java:158) ~[spring-aop-7.0.8.jar!/:7.0.8]
backend-1  | 	at org.springframework.security.authorization.method.AuthorizationManagerBeforeMethodInterceptor.proceed(AuthorizationManagerBeforeMethodInterceptor.java:271) ~[spring-security-core-7.1.0.jar!/:7.1.0]
backend-1  | 	at org.springframework.security.authorization.method.AuthorizationManagerBeforeMethodInterceptor.attemptAuthorization(AuthorizationManagerBeforeMethodInterceptor.java:266) ~[spring-security-core-7.1.0.jar!/:7.1.0]
backend-1  | 	at org.springframework.security.authorization.method.AuthorizationManagerBeforeMethodInterceptor.invoke(AuthorizationManagerBeforeMethodInterceptor.java:197) ~[spring-security-core-7.1.0.jar!/:7.1.0]
backend-1  | 	at org.springframework.security.config.annotation.method.configuration.DeferringMethodInterceptor.invoke(DeferringMethodInterceptor.java:44) ~[spring-security-config-7.1.0.jar!/:7.1.0]
backend-1  | 	at org.springframework.aop.framework.ReflectiveMethodInvocation.proceed(ReflectiveMethodInvocation.java:179) ~[spring-aop-7.0.8.jar!/:7.0.8]
backend-1  | 	at org.springframework.aop.framework.CglibAopProxy$DynamicAdvisedInterceptor.intercept(CglibAopProxy.java:719) ~[spring-aop-7.0.8.jar!/:7.0.8]
backend-1  | 	at com.dms.dashboard.controller.AdminDashboardController$$SpringCGLIB$$0.accessStats(<generated>) ~[!/:0.0.1-SNAPSHOT]
backend-1  | 	at java.base/jdk.internal.reflect.DirectMethodHandleAccessor.invoke(Unknown Source) ~[na:na]
backend-1  | 	at java.base/java.lang.reflect.Method.invoke(Unknown Source) ~[na:na]
backend-1  | 	at org.springframework.web.method.support.InvocableHandlerMethod.doInvoke(InvocableHandlerMethod.java:252) ~[spring-web-7.0.8.jar!/:7.0.8]
backend-1  | 	at org.springframework.web.method.support.InvocableHandlerMethod.invokeForRequest(InvocableHandlerMethod.java:184) ~[spring-web-7.0.8.jar!/:7.0.8]
backend-1  | 	at org.springframework.web.servlet.mvc.method.annotation.ServletInvocableHandlerMethod.invokeAndHandle(ServletInvocableHandlerMethod.java:117) ~[spring-webmvc-7.0.8.jar!/:7.0.8]
backend-1  | 	at org.springframework.web.servlet.mvc.method.annotation.RequestMappingHandlerAdapter.invokeHandlerMethod(RequestMappingHandlerAdapter.java:934) ~[spring-webmvc-7.0.8.jar!/:7.0.8]
backend-1  | 	at org.springframework.web.servlet.mvc.method.annotation.RequestMappingHandlerAdapter.handleInternal(RequestMappingHandlerAdapter.java:853) ~[spring-webmvc-7.0.8.jar!/:7.0.8]
backend-1  | 	at org.springframework.web.servlet.mvc.method.AbstractHandlerMethodAdapter.handle(AbstractHandlerMethodAdapter.java:86) ~[spring-webmvc-7.0.8.jar!/:7.0.8]
backend-1  | 	at org.springframework.web.servlet.DispatcherServlet.doDispatch(DispatcherServlet.java:963) ~[spring-webmvc-7.0.8.jar!/:7.0.8]
backend-1  | 	at org.springframework.web.servlet.DispatcherServlet.doService(DispatcherServlet.java:866) ~[spring-webmvc-7.0.8.jar!/:7.0.8]
backend-1  | 	at org.springframework.web.servlet.FrameworkServlet.processRequest(FrameworkServlet.java:1000) ~[spring-webmvc-7.0.8.jar!/:7.0.8]
backend-1  | 	at org.springframework.web.servlet.FrameworkServlet.doGet(FrameworkServlet.java:892) ~[spring-webmvc-7.0.8.jar!/:7.0.8]
backend-1  | 	at jakarta.servlet.http.HttpServlet.service(HttpServlet.java:622) ~[tomcat-embed-core-11.0.22.jar!/:na]
backend-1  | 	at org.springframework.web.servlet.FrameworkServlet.service(FrameworkServlet.java:874) ~[spring-webmvc-7.0.8.jar!/:7.0.8]
backend-1  | 	at jakarta.servlet.http.HttpServlet.service(HttpServlet.java:710) ~[tomcat-embed-core-11.0.22.jar!/:na]
backend-1  | 	at org.apache.catalina.core.ApplicationFilterChain.doFilter(ApplicationFilterChain.java:128) ~[tomcat-embed-core-11.0.22.jar!/:na]
backend-1  | 	at org.apache.tomcat.websocket.server.WsFilter.doFilter(WsFilter.java:53) ~[tomcat-embed-websocket-11.0.22.jar!/:na]
backend-1  | 	at org.apache.catalina.core.ApplicationFilterChain.doFilter(ApplicationFilterChain.java:107) ~[tomcat-embed-core-11.0.22.jar!/:na]
backend-1  | 	at org.springframework.web.filter.CompositeFilter$VirtualFilterChain.doFilter(CompositeFilter.java:108) ~[spring-web-7.0.8.jar!/:7.0.8]
backend-1  | 	at org.springframework.security.web.FilterChainProxy.lambda$doFilterInternal$2(FilterChainProxy.java:235) ~[spring-security-web-7.1.0.jar!/:7.1.0]
backend-1  | 	at org.springframework.security.web.ObservationFilterChainDecorator$FilterObservation$SimpleFilterObservation.lambda$wrap$1(ObservationFilterChainDecorator.java:491) ~[spring-security-web-7.1.0.jar!/:7.1.0]
backend-1  | 	at org.springframework.security.web.ObservationFilterChainDecorator$AroundFilterObservation$SimpleAroundFilterObservation.lambda$wrap$1(ObservationFilterChainDecorator.java:353) ~[spring-security-web-7.1.0.jar!/:7.1.0]
backend-1  | 	at org.springframework.security.web.ObservationFilterChainDecorator.lambda$wrapSecured$0(ObservationFilterChainDecorator.java:84) ~[spring-security-web-7.1.0.jar!/:7.1.0]
backend-1  | 	at org.springframework.security.web.ObservationFilterChainDecorator$VirtualFilterChain.doFilter(ObservationFilterChainDecorator.java:131) ~[spring-security-web-7.1.0.jar!/:7.1.0]
backend-1  | 	at org.springframework.security.web.access.intercept.AuthorizationFilter.doFilter(AuthorizationFilter.java:101) ~[spring-security-web-7.1.0.jar!/:7.1.0]
backend-1  | 	at org.springframework.security.web.ObservationFilterChainDecorator$ObservationFilter.wrapFilter(ObservationFilterChainDecorator.java:243) ~[spring-security-web-7.1.0.jar!/:7.1.0]
backend-1  | 	at org.springframework.security.web.ObservationFilterChainDecorator$ObservationFilter.doFilter(ObservationFilterChainDecorator.java:230) ~[spring-security-web-7.1.0.jar!/:7.1.0]
backend-1  | 	at org.springframework.security.web.ObservationFilterChainDecorator$VirtualFilterChain.doFilter(ObservationFilterChainDecorator.java:140) ~[spring-security-web-7.1.0.jar!/:7.1.0]
backend-1  | 	at org.springframework.security.web.access.ExceptionTranslationFilter.doFilter(ExceptionTranslationFilter.java:126) ~[spring-security-web-7.1.0.jar!/:7.1.0]
backend-1  | 	at org.springframework.security.web.access.ExceptionTranslationFilter.doFilter(ExceptionTranslationFilter.java:120) ~[spring-security-web-7.1.0.jar!/:7.1.0]
backend-1  | 	at org.springframework.security.web.ObservationFilterChainDecorator$ObservationFilter.wrapFilter(ObservationFilterChainDecorator.java:243) ~[spring-security-web-7.1.0.jar!/:7.1.0]
backend-1  | 	at org.springframework.security.web.ObservationFilterChainDecorator$ObservationFilter.doFilter(ObservationFilterChainDecorator.java:230) ~[spring-security-web-7.1.0.jar!/:7.1.0]
backend-1  | 	at org.springframework.security.web.ObservationFilterChainDecorator$VirtualFilterChain.doFilter(ObservationFilterChainDecorator.java:140) ~[spring-security-web-7.1.0.jar!/:7.1.0]
backend-1  | 	at org.springframework.security.web.session.SessionManagementFilter.doFilter(SessionManagementFilter.java:132) ~[spring-security-web-7.1.0.jar!/:7.1.0]
backend-1  | 	at org.springframework.security.web.session.SessionManagementFilter.doFilter(SessionManagementFilter.java:86) ~[spring-security-web-7.1.0.jar!/:7.1.0]
backend-1  | 	at org.springframework.security.web.ObservationFilterChainDecorator$ObservationFilter.wrapFilter(ObservationFilterChainDecorator.java:243) ~[spring-security-web-7.1.0.jar!/:7.1.0]
backend-1  | 	at org.springframework.security.web.ObservationFilterChainDecorator$ObservationFilter.doFilter(ObservationFilterChainDecorator.java:230) ~[spring-security-web-7.1.0.jar!/:7.1.0]
backend-1  | 	at org.springframework.security.web.ObservationFilterChainDecorator$VirtualFilterChain.doFilter(ObservationFilterChainDecorator.java:140) ~[spring-security-web-7.1.0.jar!/:7.1.0]
backend-1  | 	at org.springframework.security.web.authentication.AnonymousAuthenticationFilter.doFilter(AnonymousAuthenticationFilter.java:100) ~[spring-security-web-7.1.0.jar!/:7.1.0]
backend-1  | 	at org.springframework.security.web.ObservationFilterChainDecorator$ObservationFilter.wrapFilter(ObservationFilterChainDecorator.java:243) ~[spring-security-web-7.1.0.jar!/:7.1.0]
backend-1  | 	at org.springframework.security.web.ObservationFilterChainDecorator$ObservationFilter.doFilter(ObservationFilterChainDecorator.java:230) ~[spring-security-web-7.1.0.jar!/:7.1.0]
backend-1  | 	at org.springframework.security.web.ObservationFilterChainDecorator$VirtualFilterChain.doFilter(ObservationFilterChainDecorator.java:140) ~[spring-security-web-7.1.0.jar!/:7.1.0]
backend-1  | 	at org.springframework.security.web.servletapi.SecurityContextHolderAwareRequestFilter.doFilter(SecurityContextHolderAwareRequestFilter.java:181) ~[spring-security-web-7.1.0.jar!/:7.1.0]
backend-1  | 	at org.springframework.security.web.ObservationFilterChainDecorator$ObservationFilter.wrapFilter(ObservationFilterChainDecorator.java:243) ~[spring-security-web-7.1.0.jar!/:7.1.0]
backend-1  | 	at org.springframework.security.web.ObservationFilterChainDecorator$ObservationFilter.doFilter(ObservationFilterChainDecorator.java:230) ~[spring-security-web-7.1.0.jar!/:7.1.0]
backend-1  | 	at org.springframework.security.web.ObservationFilterChainDecorator$VirtualFilterChain.doFilter(ObservationFilterChainDecorator.java:140) ~[spring-security-web-7.1.0.jar!/:7.1.0]
backend-1  | 	at org.springframework.security.web.savedrequest.RequestCacheAwareFilter.doFilter(RequestCacheAwareFilter.java:63) ~[spring-security-web-7.1.0.jar!/:7.1.0]
backend-1  | 	at org.springframework.security.web.ObservationFilterChainDecorator$ObservationFilter.wrapFilter(ObservationFilterChainDecorator.java:243) ~[spring-security-web-7.1.0.jar!/:7.1.0]
backend-1  | 	at org.springframework.security.web.ObservationFilterChainDecorator$ObservationFilter.doFilter(ObservationFilterChainDecorator.java:230) ~[spring-security-web-7.1.0.jar!/:7.1.0]
backend-1  | 	at org.springframework.security.web.ObservationFilterChainDecorator$VirtualFilterChain.doFilter(ObservationFilterChainDecorator.java:140) ~[spring-security-web-7.1.0.jar!/:7.1.0]
backend-1  | 	at org.springframework.security.oauth2.server.resource.web.authentication.BearerTokenAuthenticationFilter.doFilterInternal(BearerTokenAuthenticationFilter.java:207) ~[spring-security-oauth2-resource-server-7.1.0.jar!/:7.1.0]
backend-1  | 	at org.springframework.web.filter.OncePerRequestFilter.doFilter(OncePerRequestFilter.java:116) ~[spring-web-7.0.8.jar!/:7.0.8]
backend-1  | 	at org.springframework.security.web.ObservationFilterChainDecorator$ObservationFilter.wrapFilter(ObservationFilterChainDecorator.java:243) ~[spring-security-web-7.1.0.jar!/:7.1.0]
backend-1  | 	at org.springframework.security.web.ObservationFilterChainDecorator$ObservationFilter.doFilter(ObservationFilterChainDecorator.java:230) ~[spring-security-web-7.1.0.jar!/:7.1.0]
backend-1  | 	at org.springframework.security.web.ObservationFilterChainDecorator$VirtualFilterChain.doFilter(ObservationFilterChainDecorator.java:140) ~[spring-security-web-7.1.0.jar!/:7.1.0]
backend-1  | 	at org.springframework.security.oauth2.server.resource.web.OAuth2ProtectedResourceMetadataFilter.doFilterInternal(OAuth2ProtectedResourceMetadataFilter.java:98) ~[spring-security-oauth2-resource-server-7.1.0.jar!/:7.1.0]
backend-1  | 	at org.springframework.web.filter.OncePerRequestFilter.doFilter(OncePerRequestFilter.java:116) ~[spring-web-7.0.8.jar!/:7.0.8]
backend-1  | 	at org.springframework.security.web.ObservationFilterChainDecorator$ObservationFilter.wrapFilter(ObservationFilterChainDecorator.java:243) ~[spring-security-web-7.1.0.jar!/:7.1.0]
backend-1  | 	at org.springframework.security.web.ObservationFilterChainDecorator$ObservationFilter.doFilter(ObservationFilterChainDecorator.java:230) ~[spring-security-web-7.1.0.jar!/:7.1.0]
backend-1  | 	at org.springframework.security.web.ObservationFilterChainDecorator$VirtualFilterChain.doFilter(ObservationFilterChainDecorator.java:140) ~[spring-security-web-7.1.0.jar!/:7.1.0]
backend-1  | 	at org.springframework.security.web.authentication.logout.LogoutFilter.doFilter(LogoutFilter.java:110) ~[spring-security-web-7.1.0.jar!/:7.1.0]
backend-1  | 	at org.springframework.security.web.authentication.logout.LogoutFilter.doFilter(LogoutFilter.java:96) ~[spring-security-web-7.1.0.jar!/:7.1.0]
backend-1  | 	at org.springframework.security.web.ObservationFilterChainDecorator$ObservationFilter.wrapFilter(ObservationFilterChainDecorator.java:243) ~[spring-security-web-7.1.0.jar!/:7.1.0]
backend-1  | 	at org.springframework.security.web.ObservationFilterChainDecorator$ObservationFilter.doFilter(ObservationFilterChainDecorator.java:230) ~[spring-security-web-7.1.0.jar!/:7.1.0]
backend-1  | 	at org.springframework.security.web.ObservationFilterChainDecorator$VirtualFilterChain.doFilter(ObservationFilterChainDecorator.java:140) ~[spring-security-web-7.1.0.jar!/:7.1.0]
backend-1  | 	at org.springframework.web.filter.CorsFilter.doFilterInternal(CorsFilter.java:91) ~[spring-web-7.0.8.jar!/:7.0.8]
backend-1  | 	at org.springframework.web.filter.OncePerRequestFilter.doFilter(OncePerRequestFilter.java:116) ~[spring-web-7.0.8.jar!/:7.0.8]
backend-1  | 	at org.springframework.security.web.ObservationFilterChainDecorator$ObservationFilter.wrapFilter(ObservationFilterChainDecorator.java:243) ~[spring-security-web-7.1.0.jar!/:7.1.0]
backend-1  | 	at org.springframework.security.web.ObservationFilterChainDecorator$ObservationFilter.doFilter(ObservationFilterChainDecorator.java:230) ~[spring-security-web-7.1.0.jar!/:7.1.0]
backend-1  | 	at org.springframework.security.web.ObservationFilterChainDecorator$VirtualFilterChain.doFilter(ObservationFilterChainDecorator.java:140) ~[spring-security-web-7.1.0.jar!/:7.1.0]
backend-1  | 	at org.springframework.security.web.header.HeaderWriterFilter.doHeadersAfter(HeaderWriterFilter.java:90) ~[spring-security-web-7.1.0.jar!/:7.1.0]
backend-1  | 	at org.springframework.security.web.header.HeaderWriterFilter.doFilterInternal(HeaderWriterFilter.java:75) ~[spring-security-web-7.1.0.jar!/:7.1.0]
backend-1  | 	at org.springframework.web.filter.OncePerRequestFilter.doFilter(OncePerRequestFilter.java:116) ~[spring-web-7.0.8.jar!/:7.0.8]
backend-1  | 	at org.springframework.security.web.ObservationFilterChainDecorator$ObservationFilter.wrapFilter(ObservationFilterChainDecorator.java:243) ~[spring-security-web-7.1.0.jar!/:7.1.0]
backend-1  | 	at org.springframework.security.web.ObservationFilterChainDecorator$ObservationFilter.doFilter(ObservationFilterChainDecorator.java:230) ~[spring-security-web-7.1.0.jar!/:7.1.0]
backend-1  | 	at org.springframework.security.web.ObservationFilterChainDecorator$VirtualFilterChain.doFilter(ObservationFilterChainDecorator.java:140) ~[spring-security-web-7.1.0.jar!/:7.1.0]
backend-1  | 	at org.springframework.security.web.context.SecurityContextHolderFilter.doFilter(SecurityContextHolderFilter.java:82) ~[spring-security-web-7.1.0.jar!/:7.1.0]
backend-1  | 	at org.springframework.security.web.context.SecurityContextHolderFilter.doFilter(SecurityContextHolderFilter.java:69) ~[spring-security-web-7.1.0.jar!/:7.1.0]
backend-1  | 	at org.springframework.security.web.ObservationFilterChainDecorator$ObservationFilter.wrapFilter(ObservationFilterChainDecorator.java:243) ~[spring-security-web-7.1.0.jar!/:7.1.0]
backend-1  | 	at org.springframework.security.web.ObservationFilterChainDecorator$ObservationFilter.doFilter(ObservationFilterChainDecorator.java:230) ~[spring-security-web-7.1.0.jar!/:7.1.0]
backend-1  | 	at org.springframework.security.web.ObservationFilterChainDecorator$VirtualFilterChain.doFilter(ObservationFilterChainDecorator.java:140) ~[spring-security-web-7.1.0.jar!/:7.1.0]
backend-1  | 	at org.springframework.security.web.context.request.async.WebAsyncManagerIntegrationFilter.doFilterInternal(WebAsyncManagerIntegrationFilter.java:62) ~[spring-security-web-7.1.0.jar!/:7.1.0]
backend-1  | 	at org.springframework.web.filter.OncePerRequestFilter.doFilter(OncePerRequestFilter.java:116) ~[spring-web-7.0.8.jar!/:7.0.8]
backend-1  | 	at org.springframework.security.web.ObservationFilterChainDecorator$ObservationFilter.wrapFilter(ObservationFilterChainDecorator.java:243) ~[spring-security-web-7.1.0.jar!/:7.1.0]
backend-1  | 	at org.springframework.security.web.ObservationFilterChainDecorator$ObservationFilter.doFilter(ObservationFilterChainDecorator.java:230) ~[spring-security-web-7.1.0.jar!/:7.1.0]
backend-1  | 	at org.springframework.security.web.ObservationFilterChainDecorator$VirtualFilterChain.doFilter(ObservationFilterChainDecorator.java:140) ~[spring-security-web-7.1.0.jar!/:7.1.0]
backend-1  | 	at org.springframework.security.web.session.DisableEncodeUrlFilter.doFilterInternal(DisableEncodeUrlFilter.java:42) ~[spring-security-web-7.1.0.jar!/:7.1.0]
backend-1  | 	at org.springframework.web.filter.OncePerRequestFilter.doFilter(OncePerRequestFilter.java:116) ~[spring-web-7.0.8.jar!/:7.0.8]
backend-1  | 	at org.springframework.security.web.ObservationFilterChainDecorator$ObservationFilter.wrapFilter(ObservationFilterChainDecorator.java:243) ~[spring-security-web-7.1.0.jar!/:7.1.0]
backend-1  | 	at org.springframework.security.web.ObservationFilterChainDecorator$AroundFilterObservation$SimpleAroundFilterObservation.lambda$wrap$0(ObservationFilterChainDecorator.java:336) ~[spring-security-web-7.1.0.jar!/:7.1.0]
backend-1  | 	at org.springframework.security.web.ObservationFilterChainDecorator$ObservationFilter.doFilter(ObservationFilterChainDecorator.java:227) ~[spring-security-web-7.1.0.jar!/:7.1.0]
backend-1  | 	at org.springframework.security.web.ObservationFilterChainDecorator$VirtualFilterChain.doFilter(ObservationFilterChainDecorator.java:140) ~[spring-security-web-7.1.0.jar!/:7.1.0]
backend-1  | 	at org.springframework.security.web.FilterChainProxy.doFilterInternal(FilterChainProxy.java:237) ~[spring-security-web-7.1.0.jar!/:7.1.0]
backend-1  | 	at org.springframework.security.web.FilterChainProxy.doFilter(FilterChainProxy.java:195) ~[spring-security-web-7.1.0.jar!/:7.1.0]
backend-1  | 	at org.springframework.web.filter.CompositeFilter$VirtualFilterChain.doFilter(CompositeFilter.java:113) ~[spring-web-7.0.8.jar!/:7.0.8]
backend-1  | 	at org.springframework.web.filter.ServletRequestPathFilter.doFilter(ServletRequestPathFilter.java:52) ~[spring-web-7.0.8.jar!/:7.0.8]
backend-1  | 	at org.springframework.web.filter.CompositeFilter$VirtualFilterChain.doFilter(CompositeFilter.java:113) ~[spring-web-7.0.8.jar!/:7.0.8]
backend-1  | 	at org.springframework.web.filter.CompositeFilter.doFilter(CompositeFilter.java:74) ~[spring-web-7.0.8.jar!/:7.0.8]
backend-1  | 	at org.springframework.security.config.annotation.web.configuration.WebSecurityConfiguration$CompositeFilterChainProxy.doFilter(WebSecurityConfiguration.java:317) ~[spring-security-config-7.1.0.jar!/:7.1.0]
backend-1  | 	at org.springframework.web.filter.DelegatingFilterProxy.invokeDelegate(DelegatingFilterProxy.java:355) ~[spring-web-7.0.8.jar!/:7.0.8]
backend-1  | 	at org.springframework.web.filter.DelegatingFilterProxy.doFilter(DelegatingFilterProxy.java:272) ~[spring-web-7.0.8.jar!/:7.0.8]
backend-1  | 	at org.apache.catalina.core.ApplicationFilterChain.doFilter(ApplicationFilterChain.java:107) ~[tomcat-embed-core-11.0.22.jar!/:na]
backend-1  | 	at org.springframework.web.filter.RequestContextFilter.doFilterInternal(RequestContextFilter.java:100) ~[spring-web-7.0.8.jar!/:7.0.8]
backend-1  | 	at org.springframework.web.filter.OncePerRequestFilter.doFilter(OncePerRequestFilter.java:116) ~[spring-web-7.0.8.jar!/:7.0.8]
backend-1  | 	at org.apache.catalina.core.ApplicationFilterChain.doFilter(ApplicationFilterChain.java:107) ~[tomcat-embed-core-11.0.22.jar!/:na]
backend-1  | 	at org.springframework.web.filter.FormContentFilter.doFilterInternal(FormContentFilter.java:93) ~[spring-web-7.0.8.jar!/:7.0.8]
backend-1  | 	at org.springframework.web.filter.OncePerRequestFilter.doFilter(OncePerRequestFilter.java:116) ~[spring-web-7.0.8.jar!/:7.0.8]
backend-1  | 	at org.apache.catalina.core.ApplicationFilterChain.doFilter(ApplicationFilterChain.java:107) ~[tomcat-embed-core-11.0.22.jar!/:na]
backend-1  | 	at org.springframework.web.filter.ServerHttpObservationFilter.doFilterInternal(ServerHttpObservationFilter.java:110) ~[spring-web-7.0.8.jar!/:7.0.8]
backend-1  | 	at org.springframework.web.filter.OncePerRequestFilter.doFilter(OncePerRequestFilter.java:116) ~[spring-web-7.0.8.jar!/:7.0.8]
backend-1  | 	at org.apache.catalina.core.ApplicationFilterChain.doFilter(ApplicationFilterChain.java:107) ~[tomcat-embed-core-11.0.22.jar!/:na]
backend-1  | 	at org.springframework.web.filter.CharacterEncodingFilter.doFilterInternal(CharacterEncodingFilter.java:199) ~[spring-web-7.0.8.jar!/:7.0.8]
backend-1  | 	at org.springframework.web.filter.OncePerRequestFilter.doFilter(OncePerRequestFilter.java:116) ~[spring-web-7.0.8.jar!/:7.0.8]
backend-1  | 	at org.apache.catalina.core.ApplicationFilterChain.doFilter(ApplicationFilterChain.java:107) ~[tomcat-embed-core-11.0.22.jar!/:na]
backend-1  | 	at org.apache.catalina.core.StandardWrapperValve.invoke(StandardWrapperValve.java:165) ~[tomcat-embed-core-11.0.22.jar!/:na]
backend-1  | 	at org.apache.catalina.core.StandardContextValve.invoke(StandardContextValve.java:77) ~[tomcat-embed-core-11.0.22.jar!/:na]
backend-1  | 	at org.apache.catalina.authenticator.AuthenticatorBase.invoke(AuthenticatorBase.java:492) ~[tomcat-embed-core-11.0.22.jar!/:na]
backend-1  | 	at org.apache.catalina.core.StandardHostValve.invoke(StandardHostValve.java:113) ~[tomcat-embed-core-11.0.22.jar!/:na]
backend-1  | 	at org.apache.catalina.valves.ErrorReportValve.invoke(ErrorReportValve.java:83) ~[tomcat-embed-core-11.0.22.jar!/:na]
backend-1  | 	at org.apache.catalina.core.StandardEngineValve.invoke(StandardEngineValve.java:72) ~[tomcat-embed-core-11.0.22.jar!/:na]
backend-1  | 	at org.apache.catalina.connector.CoyoteAdapter.service(CoyoteAdapter.java:341) ~[tomcat-embed-core-11.0.22.jar!/:na]
backend-1  | 	at org.apache.coyote.http11.Http11Processor.service(Http11Processor.java:397) ~[tomcat-embed-core-11.0.22.jar!/:na]
backend-1  | 	at org.apache.coyote.AbstractProcessorLight.process(AbstractProcessorLight.java:63) ~[tomcat-embed-core-11.0.22.jar!/:na]
backend-1  | 	at org.apache.coyote.AbstractProtocol$ConnectionHandler.process(AbstractProtocol.java:1272) ~[tomcat-embed-core-11.0.22.jar!/:na]
backend-1  | 	at org.apache.tomcat.util.net.NioEndpoint$SocketProcessor.doRun(NioEndpoint.java:1801) ~[tomcat-embed-core-11.0.22.jar!/:na]
backend-1  | 	at org.apache.tomcat.util.net.SocketProcessorBase.run(SocketProcessorBase.java:52) ~[tomcat-embed-core-11.0.22.jar!/:na]
backend-1  | 	at org.apache.tomcat.util.threads.ThreadPoolExecutor.runWorker(ThreadPoolExecutor.java:946) ~[tomcat-embed-core-11.0.22.jar!/:na]
backend-1  | 	at org.apache.tomcat.util.threads.ThreadPoolExecutor$Worker.run(ThreadPoolExecutor.java:480) ~[tomcat-embed-core-11.0.22.jar!/:na]
backend-1  | 	at org.apache.tomcat.util.threads.TaskThread$WrappingRunnable.run(TaskThread.java:57) ~[tomcat-embed-core-11.0.22.jar!/:na]
backend-1  | 	at java.base/java.lang.Thread.run(Unknown Source) ~[na:na]
backend-1  | Caused by: org.postgresql.util.PSQLException: ERROR: could not determine data type of parameter $2
backend-1  | 	at org.postgresql.core.v3.QueryExecutorImpl.receiveErrorResponse(QueryExecutorImpl.java:2904) ~[postgresql-42.7.11.jar!/:42.7.11]
backend-1  | 	at org.postgresql.core.v3.QueryExecutorImpl.processResults(QueryExecutorImpl.java:2589) ~[postgresql-42.7.11.jar!/:42.7.11]
backend-1  | 	at org.postgresql.core.v3.QueryExecutorImpl.execute(QueryExecutorImpl.java:431) ~[postgresql-42.7.11.jar!/:42.7.11]
backend-1  | 	at org.postgresql.jdbc.PgStatement.executeInternal(PgStatement.java:534) ~[postgresql-42.7.11.jar!/:42.7.11]
backend-1  | 	at org.postgresql.jdbc.PgStatement.execute(PgStatement.java:437) ~[postgresql-42.7.11.jar!/:42.7.11]
backend-1  | 	at org.postgresql.jdbc.PgPreparedStatement.executeWithFlags(PgPreparedStatement.java:196) ~[postgresql-42.7.11.jar!/:42.7.11]
backend-1  | 	at org.postgresql.jdbc.PgPreparedStatement.executeQuery(PgPreparedStatement.java:139) ~[postgresql-42.7.11.jar!/:42.7.11]
backend-1  | 	at com.zaxxer.hikari.pool.ProxyPreparedStatement.executeQuery(ProxyPreparedStatement.java:52) ~[HikariCP-7.0.2.jar!/:na]
backend-1  | 	at com.zaxxer.hikari.pool.HikariProxyPreparedStatement.executeQuery(HikariProxyPreparedStatement.java) ~[HikariCP-7.0.2.jar!/:na]
backend-1  | 	at org.springframework.jdbc.core.JdbcTemplate.lambda$query$0(JdbcTemplate.java:738) ~[spring-jdbc-7.0.8.jar!/:7.0.8]
backend-1  | 	at org.springframework.jdbc.core.JdbcTemplate.execute(JdbcTemplate.java:670) ~[spring-jdbc-7.0.8.jar!/:7.0.8]
backend-1  | 	... 169 common frames omitted
backend-1  | 
backend-1  | 2026-08-05T04:54:12.657Z TRACE 1 --- [dms] [nio-8080-exec-2] o.s.s.w.header.writers.HstsHeaderWriter  : Not injecting HSTS header since it did not match request to [Is Secure]
backend-1  | 2026-08-05T04:54:12.665Z TRACE 1 --- [dms] [nio-8080-exec-4] o.s.security.web.FilterChainProxy        : Trying to match request against DefaultSecurityFilterChain defined as 'securityFilterChain' in [class path resource [com/dms/common/security/SecurityConfig.class]] matching [any request] and having filters [DisableEncodeUrl, WebAsyncManagerIntegration, SecurityContextHolder, HeaderWriter, Cors, Logout, OAuth2ProtectedResourceMetadata, BearerTokenAuthentication, RequestCacheAware, SecurityContextHolderAwareRequest, AnonymousAuthentication, SessionManagement, ExceptionTranslation, Authorization] (1/1)
backend-1  | 2026-08-05T04:54:12.666Z DEBUG 1 --- [dms] [nio-8080-exec-4] o.s.security.web.FilterChainProxy        : Securing GET /admin/dashboard/system-access?granularity=day
backend-1  | 2026-08-05T04:54:12.666Z TRACE 1 --- [dms] [nio-8080-exec-4] o.s.security.web.FilterChainProxy        : Invoking DisableEncodeUrlFilter (1/14)
backend-1  | 2026-08-05T04:54:12.666Z TRACE 1 --- [dms] [nio-8080-exec-4] o.s.security.web.FilterChainProxy        : Invoking WebAsyncManagerIntegrationFilter (2/14)
backend-1  | 2026-08-05T04:54:12.667Z TRACE 1 --- [dms] [nio-8080-exec-4] o.s.security.web.FilterChainProxy        : Invoking SecurityContextHolderFilter (3/14)
backend-1  | 2026-08-05T04:54:12.667Z TRACE 1 --- [dms] [nio-8080-exec-4] o.s.security.web.FilterChainProxy        : Invoking HeaderWriterFilter (4/14)
backend-1  | 2026-08-05T04:54:12.667Z TRACE 1 --- [dms] [nio-8080-exec-4] o.s.security.web.FilterChainProxy        : Invoking CorsFilter (5/14)
backend-1  | 2026-08-05T04:54:12.668Z TRACE 1 --- [dms] [nio-8080-exec-4] o.s.security.web.FilterChainProxy        : Invoking LogoutFilter (6/14)
backend-1  | 2026-08-05T04:54:12.668Z TRACE 1 --- [dms] [nio-8080-exec-4] o.s.s.w.a.logout.LogoutFilter            : Did not match request to Or [PathPattern [GET /logout], PathPattern [POST /logout], PathPattern [PUT /logout], PathPattern [DELETE /logout]]
backend-1  | 2026-08-05T04:54:12.668Z TRACE 1 --- [dms] [nio-8080-exec-4] o.s.security.web.FilterChainProxy        : Invoking OAuth2ProtectedResourceMetadataFilter (7/14)
backend-1  | 2026-08-05T04:54:12.669Z TRACE 1 --- [dms] [nio-8080-exec-4] o.s.security.web.FilterChainProxy        : Invoking BearerTokenAuthenticationFilter (8/14)
backend-1  | 2026-08-05T04:54:12.670Z TRACE 1 --- [dms] [nio-8080-exec-4] o.s.s.authentication.ProviderManager     : Authenticating request with JwtAuthenticationProvider (1/2)
backend-1  | 2026-08-05T04:54:12.671Z DEBUG 1 --- [dms] [nio-8080-exec-4] o.s.s.o.s.r.a.JwtAuthenticationProvider  : Authenticated token
backend-1  | 2026-08-05T04:54:12.671Z TRACE 1 --- [dms] [nio-8080-exec-4] .s.s.w.c.SupplierDeferredSecurityContext : Created SecurityContextImpl [Null authentication]
backend-1  | 2026-08-05T04:54:12.671Z DEBUG 1 --- [dms] [nio-8080-exec-4] .s.r.w.a.BearerTokenAuthenticationFilter : Set SecurityContextHolder to JwtAuthenticationToken [Principal=org.springframework.security.oauth2.server.resource.authentication.JwtAuthenticationConverter$JwtAuthenticatedPrincipal@e05cdb73, Credentials=[PROTECTED], Authenticated=true, Details=WebAuthenticationDetails [RemoteIpAddress=172.19.0.1, SessionId=null], Granted Authorities=[FactorGrantedAuthority [authority=FACTOR_BEARER, issuedAt=2026-08-05T04:54:12.671224461Z], ROLE_ADMIN]]
backend-1  | 2026-08-05T04:54:12.672Z TRACE 1 --- [dms] [nio-8080-exec-4] o.s.security.web.FilterChainProxy        : Invoking RequestCacheAwareFilter (9/14)
backend-1  | 2026-08-05T04:54:12.672Z TRACE 1 --- [dms] [nio-8080-exec-4] o.s.security.web.FilterChainProxy        : Invoking SecurityContextHolderAwareRequestFilter (10/14)
backend-1  | 2026-08-05T04:54:12.672Z TRACE 1 --- [dms] [nio-8080-exec-4] o.s.security.web.FilterChainProxy        : Invoking AnonymousAuthenticationFilter (11/14)
backend-1  | 2026-08-05T04:54:12.672Z TRACE 1 --- [dms] [nio-8080-exec-4] o.s.security.web.FilterChainProxy        : Invoking SessionManagementFilter (12/14)
backend-1  | 2026-08-05T04:54:12.673Z TRACE 1 --- [dms] [nio-8080-exec-4] o.s.s.w.a.AnonymousAuthenticationFilter  : Did not set SecurityContextHolder since already authenticated JwtAuthenticationToken [Principal=org.springframework.security.oauth2.server.resource.authentication.JwtAuthenticationConverter$JwtAuthenticatedPrincipal@e05cdb73, Credentials=[PROTECTED], Authenticated=true, Details=WebAuthenticationDetails [RemoteIpAddress=172.19.0.1, SessionId=null], Granted Authorities=[FactorGrantedAuthority [authority=FACTOR_BEARER, issuedAt=2026-08-05T04:54:12.671224461Z], ROLE_ADMIN]]
backend-1  | 2026-08-05T04:54:12.673Z TRACE 1 --- [dms] [nio-8080-exec-4] s.CompositeSessionAuthenticationStrategy : Preparing session with ChangeSessionIdAuthenticationStrategy (1/1)
backend-1  | 2026-08-05T04:54:12.673Z TRACE 1 --- [dms] [nio-8080-exec-4] o.s.security.web.FilterChainProxy        : Invoking ExceptionTranslationFilter (13/14)
backend-1  | 2026-08-05T04:54:12.673Z TRACE 1 --- [dms] [nio-8080-exec-4] o.s.security.web.FilterChainProxy        : Invoking AuthorizationFilter (14/14)
backend-1  | 2026-08-05T04:54:12.673Z TRACE 1 --- [dms] [nio-8080-exec-4] estMatcherDelegatingAuthorizationManager : Authorizing GET /admin/dashboard/system-access?granularity=day
backend-1  | 2026-08-05T04:54:12.673Z TRACE 1 --- [dms] [nio-8080-exec-4] estMatcherDelegatingAuthorizationManager : Checking authorization on GET /admin/dashboard/system-access?granularity=day using org.springframework.security.authorization.AuthenticatedAuthorizationManager@6912008b
backend-1  | 2026-08-05T04:54:12.674Z DEBUG 1 --- [dms] [nio-8080-exec-4] o.s.security.web.FilterChainProxy        : Secured GET /admin/dashboard/system-access?granularity=day
backend-1  | 2026-08-05T04:54:12.677Z DEBUG 1 --- [dms] [nio-8080-exec-4] horizationManagerBeforeMethodInterceptor : Authorizing method invocation ReflectiveMethodInvocation: public com.dms.common.dto.ApiResponse com.dms.dashboard.controller.AdminDashboardController.systemAccess(java.time.OffsetDateTime,java.time.OffsetDateTime,java.lang.String,java.lang.Integer); target is of class [com.dms.dashboard.controller.AdminDashboardController]
backend-1  | 2026-08-05T04:54:12.679Z DEBUG 1 --- [dms] [nio-8080-exec-4] horizationManagerBeforeMethodInterceptor : Authorized method invocation ReflectiveMethodInvocation: public com.dms.common.dto.ApiResponse com.dms.dashboard.controller.AdminDashboardController.systemAccess(java.time.OffsetDateTime,java.time.OffsetDateTime,java.lang.String,java.lang.Integer); target is of class [com.dms.dashboard.controller.AdminDashboardController]
backend-1  | 2026-08-05T04:54:12.683Z ERROR 1 --- [dms] [nio-8080-exec-4] c.d.c.exception.GlobalExceptionHandler   : Unhandled exception
backend-1  | 
backend-1  | org.springframework.jdbc.BadSqlGrammarException: PreparedStatementCallback; bad SQL grammar [SELECT count(*)
backend-1  | FROM audit_logs
backend-1  | WHERE action = 'LOGIN'
backend-1  |   AND (? IS NULL OR created_at >= ?)
backend-1  |   AND (? IS NULL OR created_at <= ?)
backend-1  | ]
backend-1  | 	at org.springframework.jdbc.support.SQLStateSQLExceptionTranslator.doTranslate(SQLStateSQLExceptionTranslator.java:134) ~[spring-jdbc-7.0.8.jar!/:7.0.8]
backend-1  | 	at org.springframework.jdbc.support.AbstractFallbackSQLExceptionTranslator.translate(AbstractFallbackSQLExceptionTranslator.java:102) ~[spring-jdbc-7.0.8.jar!/:7.0.8]
backend-1  | 	at org.springframework.jdbc.support.AbstractFallbackSQLExceptionTranslator.translate(AbstractFallbackSQLExceptionTranslator.java:111) ~[spring-jdbc-7.0.8.jar!/:7.0.8]
backend-1  | 	at org.springframework.jdbc.core.JdbcTemplate.translateException(JdbcTemplate.java:1549) ~[spring-jdbc-7.0.8.jar!/:7.0.8]
backend-1  | 	at org.springframework.jdbc.core.JdbcTemplate.execute(JdbcTemplate.java:689) ~[spring-jdbc-7.0.8.jar!/:7.0.8]
backend-1  | 	at org.springframework.jdbc.core.JdbcTemplate.query(JdbcTemplate.java:732) ~[spring-jdbc-7.0.8.jar!/:7.0.8]
backend-1  | 	at org.springframework.jdbc.core.JdbcTemplate.query(JdbcTemplate.java:752) ~[spring-jdbc-7.0.8.jar!/:7.0.8]
backend-1  | 	at org.springframework.jdbc.core.JdbcTemplate.query(JdbcTemplate.java:804) ~[spring-jdbc-7.0.8.jar!/:7.0.8]
backend-1  | 	at org.springframework.jdbc.core.namedparam.NamedParameterJdbcTemplate.queryForObject(NamedParameterJdbcTemplate.java:257) ~[spring-jdbc-7.0.8.jar!/:7.0.8]
backend-1  | 	at org.springframework.jdbc.core.namedparam.NamedParameterJdbcTemplate.queryForObject(NamedParameterJdbcTemplate.java:272) ~[spring-jdbc-7.0.8.jar!/:7.0.8]
backend-1  | 	at com.dms.dashboard.repository.DashboardQueryRepository.longValue(DashboardQueryRepository.java:350) ~[!/:0.0.1-SNAPSHOT]
backend-1  | 	at com.dms.dashboard.repository.DashboardQueryRepository.loginCount(DashboardQueryRepository.java:127) ~[!/:0.0.1-SNAPSHOT]
backend-1  | 	at java.base/jdk.internal.reflect.DirectMethodHandleAccessor.invoke(Unknown Source) ~[na:na]
backend-1  | 	at java.base/java.lang.reflect.Method.invoke(Unknown Source) ~[na:na]
backend-1  | 	at org.springframework.aop.support.AopUtils.invokeJoinpointUsingReflection(AopUtils.java:359) ~[spring-aop-7.0.8.jar!/:7.0.8]
backend-1  | 	at org.springframework.aop.framework.ReflectiveMethodInvocation.invokeJoinpoint(ReflectiveMethodInvocation.java:190) ~[spring-aop-7.0.8.jar!/:7.0.8]
backend-1  | 	at org.springframework.aop.framework.ReflectiveMethodInvocation.proceed(ReflectiveMethodInvocation.java:158) ~[spring-aop-7.0.8.jar!/:7.0.8]
backend-1  | 	at org.springframework.dao.support.PersistenceExceptionTranslationInterceptor.invoke(PersistenceExceptionTranslationInterceptor.java:135) ~[spring-tx-7.0.8.jar!/:7.0.8]
backend-1  | 	at org.springframework.aop.framework.ReflectiveMethodInvocation.proceed(ReflectiveMethodInvocation.java:179) ~[spring-aop-7.0.8.jar!/:7.0.8]
backend-1  | 	at org.springframework.aop.framework.CglibAopProxy$DynamicAdvisedInterceptor.intercept(CglibAopProxy.java:719) ~[spring-aop-7.0.8.jar!/:7.0.8]
backend-1  | 	at com.dms.dashboard.repository.DashboardQueryRepository$$SpringCGLIB$$0.loginCount(<generated>) ~[!/:0.0.1-SNAPSHOT]
backend-1  | 	at com.dms.dashboard.service.DashboardService.systemAccess(DashboardService.java:97) ~[!/:0.0.1-SNAPSHOT]
backend-1  | 	at java.base/jdk.internal.reflect.DirectMethodHandleAccessor.invoke(Unknown Source) ~[na:na]
backend-1  | 	at java.base/java.lang.reflect.Method.invoke(Unknown Source) ~[na:na]
backend-1  | 	at org.springframework.aop.support.AopUtils.invokeJoinpointUsingReflection(AopUtils.java:359) ~[spring-aop-7.0.8.jar!/:7.0.8]
backend-1  | 	at org.springframework.aop.framework.ReflectiveMethodInvocation.invokeJoinpoint(ReflectiveMethodInvocation.java:190) ~[spring-aop-7.0.8.jar!/:7.0.8]
backend-1  | 	at org.springframework.aop.framework.ReflectiveMethodInvocation.proceed(ReflectiveMethodInvocation.java:158) ~[spring-aop-7.0.8.jar!/:7.0.8]
backend-1  | 	at org.springframework.transaction.interceptor.TransactionInterceptor$1.proceedWithInvocation(TransactionInterceptor.java:133) ~[spring-tx-7.0.8.jar!/:7.0.8]
backend-1  | 	at org.springframework.transaction.interceptor.TransactionAspectSupport.invokeWithinTransaction(TransactionAspectSupport.java:371) ~[spring-tx-7.0.8.jar!/:7.0.8]
backend-1  | 	at org.springframework.transaction.interceptor.TransactionInterceptor.invoke(TransactionInterceptor.java:130) ~[spring-tx-7.0.8.jar!/:7.0.8]
backend-1  | 	at org.springframework.aop.framework.ReflectiveMethodInvocation.proceed(ReflectiveMethodInvocation.java:179) ~[spring-aop-7.0.8.jar!/:7.0.8]
backend-1  | 	at org.springframework.aop.framework.CglibAopProxy$DynamicAdvisedInterceptor.intercept(CglibAopProxy.java:719) ~[spring-aop-7.0.8.jar!/:7.0.8]
backend-1  | 	at com.dms.dashboard.service.DashboardService$$SpringCGLIB$$0.systemAccess(<generated>) ~[!/:0.0.1-SNAPSHOT]
backend-1  | 	at com.dms.dashboard.controller.AdminDashboardController.systemAccess(AdminDashboardController.java:90) ~[!/:0.0.1-SNAPSHOT]
backend-1  | 	at java.base/jdk.internal.reflect.DirectMethodHandleAccessor.invoke(Unknown Source) ~[na:na]
backend-1  | 	at java.base/java.lang.reflect.Method.invoke(Unknown Source) ~[na:na]
backend-1  | 	at org.springframework.aop.support.AopUtils.invokeJoinpointUsingReflection(AopUtils.java:359) ~[spring-aop-7.0.8.jar!/:7.0.8]
backend-1  | 	at org.springframework.aop.framework.ReflectiveMethodInvocation.invokeJoinpoint(ReflectiveMethodInvocation.java:190) ~[spring-aop-7.0.8.jar!/:7.0.8]
backend-1  | 	at org.springframework.aop.framework.ReflectiveMethodInvocation.proceed(ReflectiveMethodInvocation.java:158) ~[spring-aop-7.0.8.jar!/:7.0.8]
backend-1  | 	at org.springframework.security.authorization.method.AuthorizationManagerBeforeMethodInterceptor.proceed(AuthorizationManagerBeforeMethodInterceptor.java:271) ~[spring-security-core-7.1.0.jar!/:7.1.0]
backend-1  | 	at org.springframework.security.authorization.method.AuthorizationManagerBeforeMethodInterceptor.attemptAuthorization(AuthorizationManagerBeforeMethodInterceptor.java:266) ~[spring-security-core-7.1.0.jar!/:7.1.0]
backend-1  | 	at org.springframework.security.authorization.method.AuthorizationManagerBeforeMethodInterceptor.invoke(AuthorizationManagerBeforeMethodInterceptor.java:197) ~[spring-security-core-7.1.0.jar!/:7.1.0]
backend-1  | 	at org.springframework.security.config.annotation.method.configuration.DeferringMethodInterceptor.invoke(DeferringMethodInterceptor.java:44) ~[spring-security-config-7.1.0.jar!/:7.1.0]
backend-1  | 	at org.springframework.aop.framework.ReflectiveMethodInvocation.proceed(ReflectiveMethodInvocation.java:179) ~[spring-aop-7.0.8.jar!/:7.0.8]
backend-1  | 	at org.springframework.aop.framework.CglibAopProxy$DynamicAdvisedInterceptor.intercept(CglibAopProxy.java:719) ~[spring-aop-7.0.8.jar!/:7.0.8]
backend-1  | 	at com.dms.dashboard.controller.AdminDashboardController$$SpringCGLIB$$0.systemAccess(<generated>) ~[!/:0.0.1-SNAPSHOT]
backend-1  | 	at java.base/jdk.internal.reflect.DirectMethodHandleAccessor.invoke(Unknown Source) ~[na:na]
backend-1  | 	at java.base/java.lang.reflect.Method.invoke(Unknown Source) ~[na:na]
backend-1  | 	at org.springframework.web.method.support.InvocableHandlerMethod.doInvoke(InvocableHandlerMethod.java:252) ~[spring-web-7.0.8.jar!/:7.0.8]
backend-1  | 	at org.springframework.web.method.support.InvocableHandlerMethod.invokeForRequest(InvocableHandlerMethod.java:184) ~[spring-web-7.0.8.jar!/:7.0.8]
backend-1  | 	at org.springframework.web.servlet.mvc.method.annotation.ServletInvocableHandlerMethod.invokeAndHandle(ServletInvocableHandlerMethod.java:117) ~[spring-webmvc-7.0.8.jar!/:7.0.8]
backend-1  | 	at org.springframework.web.servlet.mvc.method.annotation.RequestMappingHandlerAdapter.invokeHandlerMethod(RequestMappingHandlerAdapter.java:934) ~[spring-webmvc-7.0.8.jar!/:7.0.8]
backend-1  | 	at org.springframework.web.servlet.mvc.method.annotation.RequestMappingHandlerAdapter.handleInternal(RequestMappingHandlerAdapter.java:853) ~[spring-webmvc-7.0.8.jar!/:7.0.8]
backend-1  | 	at org.springframework.web.servlet.mvc.method.AbstractHandlerMethodAdapter.handle(AbstractHandlerMethodAdapter.java:86) ~[spring-webmvc-7.0.8.jar!/:7.0.8]
backend-1  | 	at org.springframework.web.servlet.DispatcherServlet.doDispatch(DispatcherServlet.java:963) ~[spring-webmvc-7.0.8.jar!/:7.0.8]
backend-1  | 	at org.springframework.web.servlet.DispatcherServlet.doService(DispatcherServlet.java:866) ~[spring-webmvc-7.0.8.jar!/:7.0.8]
backend-1  | 	at org.springframework.web.servlet.FrameworkServlet.processRequest(FrameworkServlet.java:1000) ~[spring-webmvc-7.0.8.jar!/:7.0.8]
backend-1  | 	at org.springframework.web.servlet.FrameworkServlet.doGet(FrameworkServlet.java:892) ~[spring-webmvc-7.0.8.jar!/:7.0.8]
backend-1  | 	at jakarta.servlet.http.HttpServlet.service(HttpServlet.java:622) ~[tomcat-embed-core-11.0.22.jar!/:na]
backend-1  | 	at org.springframework.web.servlet.FrameworkServlet.service(FrameworkServlet.java:874) ~[spring-webmvc-7.0.8.jar!/:7.0.8]
backend-1  | 	at jakarta.servlet.http.HttpServlet.service(HttpServlet.java:710) ~[tomcat-embed-core-11.0.22.jar!/:na]
backend-1  | 	at org.apache.catalina.core.ApplicationFilterChain.doFilter(ApplicationFilterChain.java:128) ~[tomcat-embed-core-11.0.22.jar!/:na]
backend-1  | 	at org.apache.tomcat.websocket.server.WsFilter.doFilter(WsFilter.java:53) ~[tomcat-embed-websocket-11.0.22.jar!/:na]
backend-1  | 	at org.apache.catalina.core.ApplicationFilterChain.doFilter(ApplicationFilterChain.java:107) ~[tomcat-embed-core-11.0.22.jar!/:na]
backend-1  | 	at org.springframework.web.filter.CompositeFilter$VirtualFilterChain.doFilter(CompositeFilter.java:108) ~[spring-web-7.0.8.jar!/:7.0.8]
backend-1  | 	at org.springframework.security.web.FilterChainProxy.lambda$doFilterInternal$2(FilterChainProxy.java:235) ~[spring-security-web-7.1.0.jar!/:7.1.0]
backend-1  | 	at org.springframework.security.web.ObservationFilterChainDecorator$FilterObservation$SimpleFilterObservation.lambda$wrap$1(ObservationFilterChainDecorator.java:491) ~[spring-security-web-7.1.0.jar!/:7.1.0]
backend-1  | 	at org.springframework.security.web.ObservationFilterChainDecorator$AroundFilterObservation$SimpleAroundFilterObservation.lambda$wrap$1(ObservationFilterChainDecorator.java:353) ~[spring-security-web-7.1.0.jar!/:7.1.0]
backend-1  | 	at org.springframework.security.web.ObservationFilterChainDecorator.lambda$wrapSecured$0(ObservationFilterChainDecorator.java:84) ~[spring-security-web-7.1.0.jar!/:7.1.0]
backend-1  | 	at org.springframework.security.web.ObservationFilterChainDecorator$VirtualFilterChain.doFilter(ObservationFilterChainDecorator.java:131) ~[spring-security-web-7.1.0.jar!/:7.1.0]
backend-1  | 	at org.springframework.security.web.access.intercept.AuthorizationFilter.doFilter(AuthorizationFilter.java:101) ~[spring-security-web-7.1.0.jar!/:7.1.0]
backend-1  | 	at org.springframework.security.web.ObservationFilterChainDecorator$ObservationFilter.wrapFilter(ObservationFilterChainDecorator.java:243) ~[spring-security-web-7.1.0.jar!/:7.1.0]
backend-1  | 	at org.springframework.security.web.ObservationFilterChainDecorator$ObservationFilter.doFilter(ObservationFilterChainDecorator.java:230) ~[spring-security-web-7.1.0.jar!/:7.1.0]
backend-1  | 	at org.springframework.security.web.ObservationFilterChainDecorator$VirtualFilterChain.doFilter(ObservationFilterChainDecorator.java:140) ~[spring-security-web-7.1.0.jar!/:7.1.0]
backend-1  | 	at org.springframework.security.web.access.ExceptionTranslationFilter.doFilter(ExceptionTranslationFilter.java:126) ~[spring-security-web-7.1.0.jar!/:7.1.0]
backend-1  | 	at org.springframework.security.web.access.ExceptionTranslationFilter.doFilter(ExceptionTranslationFilter.java:120) ~[spring-security-web-7.1.0.jar!/:7.1.0]
backend-1  | 	at org.springframework.security.web.ObservationFilterChainDecorator$ObservationFilter.wrapFilter(ObservationFilterChainDecorator.java:243) ~[spring-security-web-7.1.0.jar!/:7.1.0]
backend-1  | 	at org.springframework.security.web.ObservationFilterChainDecorator$ObservationFilter.doFilter(ObservationFilterChainDecorator.java:230) ~[spring-security-web-7.1.0.jar!/:7.1.0]
backend-1  | 	at org.springframework.security.web.ObservationFilterChainDecorator$VirtualFilterChain.doFilter(ObservationFilterChainDecorator.java:140) ~[spring-security-web-7.1.0.jar!/:7.1.0]
backend-1  | 	at org.springframework.security.web.session.SessionManagementFilter.doFilter(SessionManagementFilter.java:132) ~[spring-security-web-7.1.0.jar!/:7.1.0]
backend-1  | 	at org.springframework.security.web.session.SessionManagementFilter.doFilter(SessionManagementFilter.java:86) ~[spring-security-web-7.1.0.jar!/:7.1.0]
backend-1  | 	at org.springframework.security.web.ObservationFilterChainDecorator$ObservationFilter.wrapFilter(ObservationFilterChainDecorator.java:243) ~[spring-security-web-7.1.0.jar!/:7.1.0]
backend-1  | 	at org.springframework.security.web.ObservationFilterChainDecorator$ObservationFilter.doFilter(ObservationFilterChainDecorator.java:230) ~[spring-security-web-7.1.0.jar!/:7.1.0]
backend-1  | 	at org.springframework.security.web.ObservationFilterChainDecorator$VirtualFilterChain.doFilter(ObservationFilterChainDecorator.java:140) ~[spring-security-web-7.1.0.jar!/:7.1.0]
backend-1  | 	at org.springframework.security.web.authentication.AnonymousAuthenticationFilter.doFilter(AnonymousAuthenticationFilter.java:100) ~[spring-security-web-7.1.0.jar!/:7.1.0]
backend-1  | 	at org.springframework.security.web.ObservationFilterChainDecorator$ObservationFilter.wrapFilter(ObservationFilterChainDecorator.java:243) ~[spring-security-web-7.1.0.jar!/:7.1.0]
backend-1  | 	at org.springframework.security.web.ObservationFilterChainDecorator$ObservationFilter.doFilter(ObservationFilterChainDecorator.java:230) ~[spring-security-web-7.1.0.jar!/:7.1.0]
backend-1  | 	at org.springframework.security.web.ObservationFilterChainDecorator$VirtualFilterChain.doFilter(ObservationFilterChainDecorator.java:140) ~[spring-security-web-7.1.0.jar!/:7.1.0]
backend-1  | 	at org.springframework.security.web.servletapi.SecurityContextHolderAwareRequestFilter.doFilter(SecurityContextHolderAwareRequestFilter.java:181) ~[spring-security-web-7.1.0.jar!/:7.1.0]
backend-1  | 	at org.springframework.security.web.ObservationFilterChainDecorator$ObservationFilter.wrapFilter(ObservationFilterChainDecorator.java:243) ~[spring-security-web-7.1.0.jar!/:7.1.0]
backend-1  | 	at org.springframework.security.web.ObservationFilterChainDecorator$ObservationFilter.doFilter(ObservationFilterChainDecorator.java:230) ~[spring-security-web-7.1.0.jar!/:7.1.0]
backend-1  | 	at org.springframework.security.web.ObservationFilterChainDecorator$VirtualFilterChain.doFilter(ObservationFilterChainDecorator.java:140) ~[spring-security-web-7.1.0.jar!/:7.1.0]
backend-1  | 	at org.springframework.security.web.savedrequest.RequestCacheAwareFilter.doFilter(RequestCacheAwareFilter.java:63) ~[spring-security-web-7.1.0.jar!/:7.1.0]
backend-1  | 	at org.springframework.security.web.ObservationFilterChainDecorator$ObservationFilter.wrapFilter(ObservationFilterChainDecorator.java:243) ~[spring-security-web-7.1.0.jar!/:7.1.0]
backend-1  | 	at org.springframework.security.web.ObservationFilterChainDecorator$ObservationFilter.doFilter(ObservationFilterChainDecorator.java:230) ~[spring-security-web-7.1.0.jar!/:7.1.0]
backend-1  | 	at org.springframework.security.web.ObservationFilterChainDecorator$VirtualFilterChain.doFilter(ObservationFilterChainDecorator.java:140) ~[spring-security-web-7.1.0.jar!/:7.1.0]
backend-1  | 	at org.springframework.security.oauth2.server.resource.web.authentication.BearerTokenAuthenticationFilter.doFilterInternal(BearerTokenAuthenticationFilter.java:207) ~[spring-security-oauth2-resource-server-7.1.0.jar!/:7.1.0]
backend-1  | 	at org.springframework.web.filter.OncePerRequestFilter.doFilter(OncePerRequestFilter.java:116) ~[spring-web-7.0.8.jar!/:7.0.8]
backend-1  | 	at org.springframework.security.web.ObservationFilterChainDecorator$ObservationFilter.wrapFilter(ObservationFilterChainDecorator.java:243) ~[spring-security-web-7.1.0.jar!/:7.1.0]
backend-1  | 	at org.springframework.security.web.ObservationFilterChainDecorator$ObservationFilter.doFilter(ObservationFilterChainDecorator.java:230) ~[spring-security-web-7.1.0.jar!/:7.1.0]
backend-1  | 	at org.springframework.security.web.ObservationFilterChainDecorator$VirtualFilterChain.doFilter(ObservationFilterChainDecorator.java:140) ~[spring-security-web-7.1.0.jar!/:7.1.0]
backend-1  | 	at org.springframework.security.oauth2.server.resource.web.OAuth2ProtectedResourceMetadataFilter.doFilterInternal(OAuth2ProtectedResourceMetadataFilter.java:98) ~[spring-security-oauth2-resource-server-7.1.0.jar!/:7.1.0]
backend-1  | 	at org.springframework.web.filter.OncePerRequestFilter.doFilter(OncePerRequestFilter.java:116) ~[spring-web-7.0.8.jar!/:7.0.8]
backend-1  | 	at org.springframework.security.web.ObservationFilterChainDecorator$ObservationFilter.wrapFilter(ObservationFilterChainDecorator.java:243) ~[spring-security-web-7.1.0.jar!/:7.1.0]
backend-1  | 	at org.springframework.security.web.ObservationFilterChainDecorator$ObservationFilter.doFilter(ObservationFilterChainDecorator.java:230) ~[spring-security-web-7.1.0.jar!/:7.1.0]
backend-1  | 	at org.springframework.security.web.ObservationFilterChainDecorator$VirtualFilterChain.doFilter(ObservationFilterChainDecorator.java:140) ~[spring-security-web-7.1.0.jar!/:7.1.0]
backend-1  | 	at org.springframework.security.web.authentication.logout.LogoutFilter.doFilter(LogoutFilter.java:110) ~[spring-security-web-7.1.0.jar!/:7.1.0]
backend-1  | 	at org.springframework.security.web.authentication.logout.LogoutFilter.doFilter(LogoutFilter.java:96) ~[spring-security-web-7.1.0.jar!/:7.1.0]
backend-1  | 	at org.springframework.security.web.ObservationFilterChainDecorator$ObservationFilter.wrapFilter(ObservationFilterChainDecorator.java:243) ~[spring-security-web-7.1.0.jar!/:7.1.0]
backend-1  | 	at org.springframework.security.web.ObservationFilterChainDecorator$ObservationFilter.doFilter(ObservationFilterChainDecorator.java:230) ~[spring-security-web-7.1.0.jar!/:7.1.0]
backend-1  | 	at org.springframework.security.web.ObservationFilterChainDecorator$VirtualFilterChain.doFilter(ObservationFilterChainDecorator.java:140) ~[spring-security-web-7.1.0.jar!/:7.1.0]
backend-1  | 	at org.springframework.web.filter.CorsFilter.doFilterInternal(CorsFilter.java:91) ~[spring-web-7.0.8.jar!/:7.0.8]
backend-1  | 	at org.springframework.web.filter.OncePerRequestFilter.doFilter(OncePerRequestFilter.java:116) ~[spring-web-7.0.8.jar!/:7.0.8]
backend-1  | 	at org.springframework.security.web.ObservationFilterChainDecorator$ObservationFilter.wrapFilter(ObservationFilterChainDecorator.java:243) ~[spring-security-web-7.1.0.jar!/:7.1.0]
backend-1  | 	at org.springframework.security.web.ObservationFilterChainDecorator$ObservationFilter.doFilter(ObservationFilterChainDecorator.java:230) ~[spring-security-web-7.1.0.jar!/:7.1.0]
backend-1  | 	at org.springframework.security.web.ObservationFilterChainDecorator$VirtualFilterChain.doFilter(ObservationFilterChainDecorator.java:140) ~[spring-security-web-7.1.0.jar!/:7.1.0]
backend-1  | 	at org.springframework.security.web.header.HeaderWriterFilter.doHeadersAfter(HeaderWriterFilter.java:90) ~[spring-security-web-7.1.0.jar!/:7.1.0]
backend-1  | 	at org.springframework.security.web.header.HeaderWriterFilter.doFilterInternal(HeaderWriterFilter.java:75) ~[spring-security-web-7.1.0.jar!/:7.1.0]
backend-1  | 	at org.springframework.web.filter.OncePerRequestFilter.doFilter(OncePerRequestFilter.java:116) ~[spring-web-7.0.8.jar!/:7.0.8]
backend-1  | 	at org.springframework.security.web.ObservationFilterChainDecorator$ObservationFilter.wrapFilter(ObservationFilterChainDecorator.java:243) ~[spring-security-web-7.1.0.jar!/:7.1.0]
backend-1  | 	at org.springframework.security.web.ObservationFilterChainDecorator$ObservationFilter.doFilter(ObservationFilterChainDecorator.java:230) ~[spring-security-web-7.1.0.jar!/:7.1.0]
backend-1  | 	at org.springframework.security.web.ObservationFilterChainDecorator$VirtualFilterChain.doFilter(ObservationFilterChainDecorator.java:140) ~[spring-security-web-7.1.0.jar!/:7.1.0]
backend-1  | 	at org.springframework.security.web.context.SecurityContextHolderFilter.doFilter(SecurityContextHolderFilter.java:82) ~[spring-security-web-7.1.0.jar!/:7.1.0]
backend-1  | 	at org.springframework.security.web.context.SecurityContextHolderFilter.doFilter(SecurityContextHolderFilter.java:69) ~[spring-security-web-7.1.0.jar!/:7.1.0]
backend-1  | 	at org.springframework.security.web.ObservationFilterChainDecorator$ObservationFilter.wrapFilter(ObservationFilterChainDecorator.java:243) ~[spring-security-web-7.1.0.jar!/:7.1.0]
backend-1  | 	at org.springframework.security.web.ObservationFilterChainDecorator$ObservationFilter.doFilter(ObservationFilterChainDecorator.java:230) ~[spring-security-web-7.1.0.jar!/:7.1.0]
backend-1  | 	at org.springframework.security.web.ObservationFilterChainDecorator$VirtualFilterChain.doFilter(ObservationFilterChainDecorator.java:140) ~[spring-security-web-7.1.0.jar!/:7.1.0]
backend-1  | 	at org.springframework.security.web.context.request.async.WebAsyncManagerIntegrationFilter.doFilterInternal(WebAsyncManagerIntegrationFilter.java:62) ~[spring-security-web-7.1.0.jar!/:7.1.0]
backend-1  | 	at org.springframework.web.filter.OncePerRequestFilter.doFilter(OncePerRequestFilter.java:116) ~[spring-web-7.0.8.jar!/:7.0.8]
backend-1  | 	at org.springframework.security.web.ObservationFilterChainDecorator$ObservationFilter.wrapFilter(ObservationFilterChainDecorator.java:243) ~[spring-security-web-7.1.0.jar!/:7.1.0]
backend-1  | 	at org.springframework.security.web.ObservationFilterChainDecorator$ObservationFilter.doFilter(ObservationFilterChainDecorator.java:230) ~[spring-security-web-7.1.0.jar!/:7.1.0]
backend-1  | 	at org.springframework.security.web.ObservationFilterChainDecorator$VirtualFilterChain.doFilter(ObservationFilterChainDecorator.java:140) ~[spring-security-web-7.1.0.jar!/:7.1.0]
backend-1  | 	at org.springframework.security.web.session.DisableEncodeUrlFilter.doFilterInternal(DisableEncodeUrlFilter.java:42) ~[spring-security-web-7.1.0.jar!/:7.1.0]
backend-1  | 	at org.springframework.web.filter.OncePerRequestFilter.doFilter(OncePerRequestFilter.java:116) ~[spring-web-7.0.8.jar!/:7.0.8]
backend-1  | 	at org.springframework.security.web.ObservationFilterChainDecorator$ObservationFilter.wrapFilter(ObservationFilterChainDecorator.java:243) ~[spring-security-web-7.1.0.jar!/:7.1.0]
backend-1  | 	at org.springframework.security.web.ObservationFilterChainDecorator$AroundFilterObservation$SimpleAroundFilterObservation.lambda$wrap$0(ObservationFilterChainDecorator.java:336) ~[spring-security-web-7.1.0.jar!/:7.1.0]
backend-1  | 	at org.springframework.security.web.ObservationFilterChainDecorator$ObservationFilter.doFilter(ObservationFilterChainDecorator.java:227) ~[spring-security-web-7.1.0.jar!/:7.1.0]
backend-1  | 	at org.springframework.security.web.ObservationFilterChainDecorator$VirtualFilterChain.doFilter(ObservationFilterChainDecorator.java:140) ~[spring-security-web-7.1.0.jar!/:7.1.0]
backend-1  | 	at org.springframework.security.web.FilterChainProxy.doFilterInternal(FilterChainProxy.java:237) ~[spring-security-web-7.1.0.jar!/:7.1.0]
backend-1  | 	at org.springframework.security.web.FilterChainProxy.doFilter(FilterChainProxy.java:195) ~[spring-security-web-7.1.0.jar!/:7.1.0]
backend-1  | 	at org.springframework.web.filter.CompositeFilter$VirtualFilterChain.doFilter(CompositeFilter.java:113) ~[spring-web-7.0.8.jar!/:7.0.8]
backend-1  | 	at org.springframework.web.filter.ServletRequestPathFilter.doFilter(ServletRequestPathFilter.java:52) ~[spring-web-7.0.8.jar!/:7.0.8]
backend-1  | 	at org.springframework.web.filter.CompositeFilter$VirtualFilterChain.doFilter(CompositeFilter.java:113) ~[spring-web-7.0.8.jar!/:7.0.8]
backend-1  | 	at org.springframework.web.filter.CompositeFilter.doFilter(CompositeFilter.java:74) ~[spring-web-7.0.8.jar!/:7.0.8]
backend-1  | 	at org.springframework.security.config.annotation.web.configuration.WebSecurityConfiguration$CompositeFilterChainProxy.doFilter(WebSecurityConfiguration.java:317) ~[spring-security-config-7.1.0.jar!/:7.1.0]
backend-1  | 	at org.springframework.web.filter.DelegatingFilterProxy.invokeDelegate(DelegatingFilterProxy.java:355) ~[spring-web-7.0.8.jar!/:7.0.8]
backend-1  | 	at org.springframework.web.filter.DelegatingFilterProxy.doFilter(DelegatingFilterProxy.java:272) ~[spring-web-7.0.8.jar!/:7.0.8]
backend-1  | 	at org.apache.catalina.core.ApplicationFilterChain.doFilter(ApplicationFilterChain.java:107) ~[tomcat-embed-core-11.0.22.jar!/:na]
backend-1  | 	at org.springframework.web.filter.RequestContextFilter.doFilterInternal(RequestContextFilter.java:100) ~[spring-web-7.0.8.jar!/:7.0.8]
backend-1  | 	at org.springframework.web.filter.OncePerRequestFilter.doFilter(OncePerRequestFilter.java:116) ~[spring-web-7.0.8.jar!/:7.0.8]
backend-1  | 	at org.apache.catalina.core.ApplicationFilterChain.doFilter(ApplicationFilterChain.java:107) ~[tomcat-embed-core-11.0.22.jar!/:na]
backend-1  | 	at org.springframework.web.filter.FormContentFilter.doFilterInternal(FormContentFilter.java:93) ~[spring-web-7.0.8.jar!/:7.0.8]
backend-1  | 	at org.springframework.web.filter.OncePerRequestFilter.doFilter(OncePerRequestFilter.java:116) ~[spring-web-7.0.8.jar!/:7.0.8]
backend-1  | 	at org.apache.catalina.core.ApplicationFilterChain.doFilter(ApplicationFilterChain.java:107) ~[tomcat-embed-core-11.0.22.jar!/:na]
backend-1  | 	at org.springframework.web.filter.ServerHttpObservationFilter.doFilterInternal(ServerHttpObservationFilter.java:110) ~[spring-web-7.0.8.jar!/:7.0.8]
backend-1  | 	at org.springframework.web.filter.OncePerRequestFilter.doFilter(OncePerRequestFilter.java:116) ~[spring-web-7.0.8.jar!/:7.0.8]
backend-1  | 	at org.apache.catalina.core.ApplicationFilterChain.doFilter(ApplicationFilterChain.java:107) ~[tomcat-embed-core-11.0.22.jar!/:na]
backend-1  | 	at org.springframework.web.filter.CharacterEncodingFilter.doFilterInternal(CharacterEncodingFilter.java:199) ~[spring-web-7.0.8.jar!/:7.0.8]
backend-1  | 	at org.springframework.web.filter.OncePerRequestFilter.doFilter(OncePerRequestFilter.java:116) ~[spring-web-7.0.8.jar!/:7.0.8]
backend-1  | 	at org.apache.catalina.core.ApplicationFilterChain.doFilter(ApplicationFilterChain.java:107) ~[tomcat-embed-core-11.0.22.jar!/:na]
backend-1  | 	at org.apache.catalina.core.StandardWrapperValve.invoke(StandardWrapperValve.java:165) ~[tomcat-embed-core-11.0.22.jar!/:na]
backend-1  | 	at org.apache.catalina.core.StandardContextValve.invoke(StandardContextValve.java:77) ~[tomcat-embed-core-11.0.22.jar!/:na]
backend-1  | 	at org.apache.catalina.authenticator.AuthenticatorBase.invoke(AuthenticatorBase.java:492) ~[tomcat-embed-core-11.0.22.jar!/:na]
backend-1  | 	at org.apache.catalina.core.StandardHostValve.invoke(StandardHostValve.java:113) ~[tomcat-embed-core-11.0.22.jar!/:na]
backend-1  | 	at org.apache.catalina.valves.ErrorReportValve.invoke(ErrorReportValve.java:83) ~[tomcat-embed-core-11.0.22.jar!/:na]
backend-1  | 	at org.apache.catalina.core.StandardEngineValve.invoke(StandardEngineValve.java:72) ~[tomcat-embed-core-11.0.22.jar!/:na]
backend-1  | 	at org.apache.catalina.connector.CoyoteAdapter.service(CoyoteAdapter.java:341) ~[tomcat-embed-core-11.0.22.jar!/:na]
backend-1  | 	at org.apache.coyote.http11.Http11Processor.service(Http11Processor.java:397) ~[tomcat-embed-core-11.0.22.jar!/:na]
backend-1  | 	at org.apache.coyote.AbstractProcessorLight.process(AbstractProcessorLight.java:63) ~[tomcat-embed-core-11.0.22.jar!/:na]
backend-1  | 	at org.apache.coyote.AbstractProtocol$ConnectionHandler.process(AbstractProtocol.java:1272) ~[tomcat-embed-core-11.0.22.jar!/:na]
backend-1  | 	at org.apache.tomcat.util.net.NioEndpoint$SocketProcessor.doRun(NioEndpoint.java:1801) ~[tomcat-embed-core-11.0.22.jar!/:na]
backend-1  | 	at org.apache.tomcat.util.net.SocketProcessorBase.run(SocketProcessorBase.java:52) ~[tomcat-embed-core-11.0.22.jar!/:na]
backend-1  | 	at org.apache.tomcat.util.threads.ThreadPoolExecutor.runWorker(ThreadPoolExecutor.java:946) ~[tomcat-embed-core-11.0.22.jar!/:na]
backend-1  | 	at org.apache.tomcat.util.threads.ThreadPoolExecutor$Worker.run(ThreadPoolExecutor.java:480) ~[tomcat-embed-core-11.0.22.jar!/:na]
backend-1  | 	at org.apache.tomcat.util.threads.TaskThread$WrappingRunnable.run(TaskThread.java:57) ~[tomcat-embed-core-11.0.22.jar!/:na]
backend-1  | 	at java.base/java.lang.Thread.run(Unknown Source) ~[na:na]
backend-1  | Caused by: org.postgresql.util.PSQLException: ERROR: could not determine data type of parameter $1
backend-1  | 	at org.postgresql.core.v3.QueryExecutorImpl.receiveErrorResponse(QueryExecutorImpl.java:2904) ~[postgresql-42.7.11.jar!/:42.7.11]
backend-1  | 	at org.postgresql.core.v3.QueryExecutorImpl.processResults(QueryExecutorImpl.java:2589) ~[postgresql-42.7.11.jar!/:42.7.11]
backend-1  | 	at org.postgresql.core.v3.QueryExecutorImpl.execute(QueryExecutorImpl.java:431) ~[postgresql-42.7.11.jar!/:42.7.11]
backend-1  | 	at org.postgresql.jdbc.PgStatement.executeInternal(PgStatement.java:534) ~[postgresql-42.7.11.jar!/:42.7.11]
backend-1  | 	at org.postgresql.jdbc.PgStatement.execute(PgStatement.java:437) ~[postgresql-42.7.11.jar!/:42.7.11]
backend-1  | 	at org.postgresql.jdbc.PgPreparedStatement.executeWithFlags(PgPreparedStatement.java:196) ~[postgresql-42.7.11.jar!/:42.7.11]
backend-1  | 	at org.postgresql.jdbc.PgPreparedStatement.executeQuery(PgPreparedStatement.java:139) ~[postgresql-42.7.11.jar!/:42.7.11]
backend-1  | 	at com.zaxxer.hikari.pool.ProxyPreparedStatement.executeQuery(ProxyPreparedStatement.java:52) ~[HikariCP-7.0.2.jar!/:na]
backend-1  | 	at com.zaxxer.hikari.pool.HikariProxyPreparedStatement.executeQuery(HikariProxyPreparedStatement.java) ~[HikariCP-7.0.2.jar!/:na]
backend-1  | 	at org.springframework.jdbc.core.JdbcTemplate.lambda$query$0(JdbcTemplate.java:738) ~[spring-jdbc-7.0.8.jar!/:7.0.8]
backend-1  | 	at org.springframework.jdbc.core.JdbcTemplate.execute(JdbcTemplate.java:670) ~[spring-jdbc-7.0.8.jar!/:7.0.8]
backend-1  | 	... 171 common frames omitted
backend-1  | 
backend-1  | 2026-08-05T04:54:12.687Z TRACE 1 --- [dms] [nio-8080-exec-4] o.s.s.w.header.writers.HstsHeaderWriter  : Not injecting HSTS header since it did not match request to [Is Secure]
backend-1  | 2026-08-05T04:54:12.696Z TRACE 1 --- [dms] [nio-8080-exec-3] o.s.security.web.FilterChainProxy        : Trying to match request against DefaultSecurityFilterChain defined as 'securityFilterChain' in [class path resource [com/dms/common/security/SecurityConfig.class]] matching [any request] and having filters [DisableEncodeUrl, WebAsyncManagerIntegration, SecurityContextHolder, HeaderWriter, Cors, Logout, OAuth2ProtectedResourceMetadata, BearerTokenAuthentication, RequestCacheAware, SecurityContextHolderAwareRequest, AnonymousAuthentication, SessionManagement, ExceptionTranslation, Authorization] (1/1)
backend-1  | 2026-08-05T04:54:12.696Z DEBUG 1 --- [dms] [nio-8080-exec-3] o.s.security.web.FilterChainProxy        : Securing GET /admin/dashboard/top-search-keywords?limit=5
backend-1  | 2026-08-05T04:54:12.696Z TRACE 1 --- [dms] [nio-8080-exec-3] o.s.security.web.FilterChainProxy        : Invoking DisableEncodeUrlFilter (1/14)
backend-1  | 2026-08-05T04:54:12.697Z TRACE 1 --- [dms] [nio-8080-exec-3] o.s.security.web.FilterChainProxy        : Invoking WebAsyncManagerIntegrationFilter (2/14)
backend-1  | 2026-08-05T04:54:12.697Z TRACE 1 --- [dms] [nio-8080-exec-3] o.s.security.web.FilterChainProxy        : Invoking SecurityContextHolderFilter (3/14)
backend-1  | 2026-08-05T04:54:12.697Z TRACE 1 --- [dms] [nio-8080-exec-3] o.s.security.web.FilterChainProxy        : Invoking HeaderWriterFilter (4/14)
backend-1  | 2026-08-05T04:54:12.697Z TRACE 1 --- [dms] [nio-8080-exec-3] o.s.security.web.FilterChainProxy        : Invoking CorsFilter (5/14)
backend-1  | 2026-08-05T04:54:12.698Z TRACE 1 --- [dms] [nio-8080-exec-3] o.s.security.web.FilterChainProxy        : Invoking LogoutFilter (6/14)
backend-1  | 2026-08-05T04:54:12.698Z TRACE 1 --- [dms] [nio-8080-exec-3] o.s.s.w.a.logout.LogoutFilter            : Did not match request to Or [PathPattern [GET /logout], PathPattern [POST /logout], PathPattern [PUT /logout], PathPattern [DELETE /logout]]
backend-1  | 2026-08-05T04:54:12.698Z TRACE 1 --- [dms] [nio-8080-exec-3] o.s.security.web.FilterChainProxy        : Invoking OAuth2ProtectedResourceMetadataFilter (7/14)
backend-1  | 2026-08-05T04:54:12.698Z TRACE 1 --- [dms] [nio-8080-exec-3] o.s.security.web.FilterChainProxy        : Invoking BearerTokenAuthenticationFilter (8/14)
backend-1  | 2026-08-05T04:54:12.699Z TRACE 1 --- [dms] [nio-8080-exec-3] o.s.s.authentication.ProviderManager     : Authenticating request with JwtAuthenticationProvider (1/2)
backend-1  | 2026-08-05T04:54:12.701Z DEBUG 1 --- [dms] [nio-8080-exec-3] o.s.s.o.s.r.a.JwtAuthenticationProvider  : Authenticated token
backend-1  | 2026-08-05T04:54:12.701Z TRACE 1 --- [dms] [nio-8080-exec-3] .s.s.w.c.SupplierDeferredSecurityContext : Created SecurityContextImpl [Null authentication]
backend-1  | 2026-08-05T04:54:12.701Z DEBUG 1 --- [dms] [nio-8080-exec-3] .s.r.w.a.BearerTokenAuthenticationFilter : Set SecurityContextHolder to JwtAuthenticationToken [Principal=org.springframework.security.oauth2.server.resource.authentication.JwtAuthenticationConverter$JwtAuthenticatedPrincipal@e05cdb73, Credentials=[PROTECTED], Authenticated=true, Details=WebAuthenticationDetails [RemoteIpAddress=172.19.0.1, SessionId=null], Granted Authorities=[FactorGrantedAuthority [authority=FACTOR_BEARER, issuedAt=2026-08-05T04:54:12.700905167Z], ROLE_ADMIN]]
backend-1  | 2026-08-05T04:54:12.702Z TRACE 1 --- [dms] [nio-8080-exec-3] o.s.security.web.FilterChainProxy        : Invoking RequestCacheAwareFilter (9/14)
backend-1  | 2026-08-05T04:54:12.702Z TRACE 1 --- [dms] [nio-8080-exec-3] o.s.security.web.FilterChainProxy        : Invoking SecurityContextHolderAwareRequestFilter (10/14)
backend-1  | 2026-08-05T04:54:12.702Z TRACE 1 --- [dms] [nio-8080-exec-3] o.s.security.web.FilterChainProxy        : Invoking AnonymousAuthenticationFilter (11/14)
backend-1  | 2026-08-05T04:54:12.702Z TRACE 1 --- [dms] [nio-8080-exec-3] o.s.security.web.FilterChainProxy        : Invoking SessionManagementFilter (12/14)
backend-1  | 2026-08-05T04:54:12.702Z TRACE 1 --- [dms] [nio-8080-exec-3] o.s.s.w.a.AnonymousAuthenticationFilter  : Did not set SecurityContextHolder since already authenticated JwtAuthenticationToken [Principal=org.springframework.security.oauth2.server.resource.authentication.JwtAuthenticationConverter$JwtAuthenticatedPrincipal@e05cdb73, Credentials=[PROTECTED], Authenticated=true, Details=WebAuthenticationDetails [RemoteIpAddress=172.19.0.1, SessionId=null], Granted Authorities=[FactorGrantedAuthority [authority=FACTOR_BEARER, issuedAt=2026-08-05T04:54:12.700905167Z], ROLE_ADMIN]]
backend-1  | 2026-08-05T04:54:12.703Z TRACE 1 --- [dms] [nio-8080-exec-3] s.CompositeSessionAuthenticationStrategy : Preparing session with ChangeSessionIdAuthenticationStrategy (1/1)
backend-1  | 2026-08-05T04:54:12.703Z TRACE 1 --- [dms] [nio-8080-exec-3] o.s.security.web.FilterChainProxy        : Invoking ExceptionTranslationFilter (13/14)
backend-1  | 2026-08-05T04:54:12.703Z TRACE 1 --- [dms] [nio-8080-exec-3] o.s.security.web.FilterChainProxy        : Invoking AuthorizationFilter (14/14)
backend-1  | 2026-08-05T04:54:12.703Z TRACE 1 --- [dms] [nio-8080-exec-3] estMatcherDelegatingAuthorizationManager : Authorizing GET /admin/dashboard/top-search-keywords?limit=5
backend-1  | 2026-08-05T04:54:12.704Z TRACE 1 --- [dms] [nio-8080-exec-3] estMatcherDelegatingAuthorizationManager : Checking authorization on GET /admin/dashboard/top-search-keywords?limit=5 using org.springframework.security.authorization.AuthenticatedAuthorizationManager@6912008b
backend-1  | 2026-08-05T04:54:12.704Z DEBUG 1 --- [dms] [nio-8080-exec-3] o.s.security.web.FilterChainProxy        : Secured GET /admin/dashboard/top-search-keywords?limit=5
backend-1  | 2026-08-05T04:54:12.707Z DEBUG 1 --- [dms] [nio-8080-exec-3] horizationManagerBeforeMethodInterceptor : Authorizing method invocation ReflectiveMethodInvocation: public com.dms.common.dto.ApiResponse com.dms.dashboard.controller.AdminDashboardController.topSearchKeywords(java.time.OffsetDateTime,java.time.OffsetDateTime,java.lang.Integer); target is of class [com.dms.dashboard.controller.AdminDashboardController]
backend-1  | 2026-08-05T04:54:12.709Z DEBUG 1 --- [dms] [nio-8080-exec-3] horizationManagerBeforeMethodInterceptor : Authorized method invocation ReflectiveMethodInvocation: public com.dms.common.dto.ApiResponse com.dms.dashboard.controller.AdminDashboardController.topSearchKeywords(java.time.OffsetDateTime,java.time.OffsetDateTime,java.lang.Integer); target is of class [com.dms.dashboard.controller.AdminDashboardController]
backend-1  | 2026-08-05T04:54:12.716Z ERROR 1 --- [dms] [nio-8080-exec-3] c.d.c.exception.GlobalExceptionHandler   : Unhandled exception
backend-1  | 
backend-1  | org.springframework.jdbc.BadSqlGrammarException: PreparedStatementCallback; bad SQL grammar [SELECT keyword, count(*) AS search_count,
backend-1  |        coalesce(avg(result_count), 0) AS average_result_count,
backend-1  |        coalesce(avg(latency_ms), 0) AS average_latency_ms
backend-1  | FROM search_logs
backend-1  | WHERE keyword IS NOT NULL AND keyword <> ''
backend-1  |   AND (? IS NULL OR created_at >= ?)
backend-1  |   AND (? IS NULL OR created_at <= ?)
backend-1  | GROUP BY keyword
backend-1  | ORDER BY search_count DESC, keyword ASC
backend-1  | LIMIT ?
backend-1  | ]
backend-1  | 	at org.springframework.jdbc.support.SQLStateSQLExceptionTranslator.doTranslate(SQLStateSQLExceptionTranslator.java:134) ~[spring-jdbc-7.0.8.jar!/:7.0.8]
backend-1  | 	at org.springframework.jdbc.support.AbstractFallbackSQLExceptionTranslator.translate(AbstractFallbackSQLExceptionTranslator.java:102) ~[spring-jdbc-7.0.8.jar!/:7.0.8]
backend-1  | 	at org.springframework.jdbc.support.AbstractFallbackSQLExceptionTranslator.translate(AbstractFallbackSQLExceptionTranslator.java:111) ~[spring-jdbc-7.0.8.jar!/:7.0.8]
backend-1  | 	at org.springframework.jdbc.core.JdbcTemplate.translateException(JdbcTemplate.java:1549) ~[spring-jdbc-7.0.8.jar!/:7.0.8]
backend-1  | 	at org.springframework.jdbc.core.JdbcTemplate.execute(JdbcTemplate.java:689) ~[spring-jdbc-7.0.8.jar!/:7.0.8]
backend-1  | 	at org.springframework.jdbc.core.JdbcTemplate.query(JdbcTemplate.java:732) ~[spring-jdbc-7.0.8.jar!/:7.0.8]
backend-1  | 	at org.springframework.jdbc.core.JdbcTemplate.query(JdbcTemplate.java:752) ~[spring-jdbc-7.0.8.jar!/:7.0.8]
backend-1  | 	at org.springframework.jdbc.core.JdbcTemplate.query(JdbcTemplate.java:804) ~[spring-jdbc-7.0.8.jar!/:7.0.8]
backend-1  | 	at org.springframework.jdbc.core.namedparam.NamedParameterJdbcTemplate.query(NamedParameterJdbcTemplate.java:224) ~[spring-jdbc-7.0.8.jar!/:7.0.8]
backend-1  | 	at com.dms.dashboard.repository.DashboardQueryRepository.topSearchKeywords(DashboardQueryRepository.java:215) ~[!/:0.0.1-SNAPSHOT]
backend-1  | 	at java.base/jdk.internal.reflect.DirectMethodHandleAccessor.invoke(Unknown Source) ~[na:na]
backend-1  | 	at java.base/java.lang.reflect.Method.invoke(Unknown Source) ~[na:na]
backend-1  | 	at org.springframework.aop.support.AopUtils.invokeJoinpointUsingReflection(AopUtils.java:359) ~[spring-aop-7.0.8.jar!/:7.0.8]
backend-1  | 	at org.springframework.aop.framework.ReflectiveMethodInvocation.invokeJoinpoint(ReflectiveMethodInvocation.java:190) ~[spring-aop-7.0.8.jar!/:7.0.8]
backend-1  | 	at org.springframework.aop.framework.ReflectiveMethodInvocation.proceed(ReflectiveMethodInvocation.java:158) ~[spring-aop-7.0.8.jar!/:7.0.8]
backend-1  | 	at org.springframework.dao.support.PersistenceExceptionTranslationInterceptor.invoke(PersistenceExceptionTranslationInterceptor.java:135) ~[spring-tx-7.0.8.jar!/:7.0.8]
backend-1  | 	at org.springframework.aop.framework.ReflectiveMethodInvocation.proceed(ReflectiveMethodInvocation.java:179) ~[spring-aop-7.0.8.jar!/:7.0.8]
backend-1  | 	at org.springframework.aop.framework.CglibAopProxy$DynamicAdvisedInterceptor.intercept(CglibAopProxy.java:719) ~[spring-aop-7.0.8.jar!/:7.0.8]
backend-1  | 	at com.dms.dashboard.repository.DashboardQueryRepository$$SpringCGLIB$$0.topSearchKeywords(<generated>) ~[!/:0.0.1-SNAPSHOT]
backend-1  | 	at com.dms.dashboard.service.DashboardService.topSearchKeywords(DashboardService.java:91) ~[!/:0.0.1-SNAPSHOT]
backend-1  | 	at java.base/jdk.internal.reflect.DirectMethodHandleAccessor.invoke(Unknown Source) ~[na:na]
backend-1  | 	at java.base/java.lang.reflect.Method.invoke(Unknown Source) ~[na:na]
backend-1  | 	at org.springframework.aop.support.AopUtils.invokeJoinpointUsingReflection(AopUtils.java:359) ~[spring-aop-7.0.8.jar!/:7.0.8]
backend-1  | 	at org.springframework.aop.framework.ReflectiveMethodInvocation.invokeJoinpoint(ReflectiveMethodInvocation.java:190) ~[spring-aop-7.0.8.jar!/:7.0.8]
backend-1  | 	at org.springframework.aop.framework.ReflectiveMethodInvocation.proceed(ReflectiveMethodInvocation.java:158) ~[spring-aop-7.0.8.jar!/:7.0.8]
backend-1  | 	at org.springframework.transaction.interceptor.TransactionInterceptor$1.proceedWithInvocation(TransactionInterceptor.java:133) ~[spring-tx-7.0.8.jar!/:7.0.8]
backend-1  | 	at org.springframework.transaction.interceptor.TransactionAspectSupport.invokeWithinTransaction(TransactionAspectSupport.java:371) ~[spring-tx-7.0.8.jar!/:7.0.8]
backend-1  | 	at org.springframework.transaction.interceptor.TransactionInterceptor.invoke(TransactionInterceptor.java:130) ~[spring-tx-7.0.8.jar!/:7.0.8]
backend-1  | 	at org.springframework.aop.framework.ReflectiveMethodInvocation.proceed(ReflectiveMethodInvocation.java:179) ~[spring-aop-7.0.8.jar!/:7.0.8]
backend-1  | 	at org.springframework.aop.framework.CglibAopProxy$DynamicAdvisedInterceptor.intercept(CglibAopProxy.java:719) ~[spring-aop-7.0.8.jar!/:7.0.8]
backend-1  | 	at com.dms.dashboard.service.DashboardService$$SpringCGLIB$$0.topSearchKeywords(<generated>) ~[!/:0.0.1-SNAPSHOT]
backend-1  | 	at com.dms.dashboard.controller.AdminDashboardController.topSearchKeywords(AdminDashboardController.java:80) ~[!/:0.0.1-SNAPSHOT]
backend-1  | 	at java.base/jdk.internal.reflect.DirectMethodHandleAccessor.invoke(Unknown Source) ~[na:na]
backend-1  | 	at java.base/java.lang.reflect.Method.invoke(Unknown Source) ~[na:na]
backend-1  | 	at org.springframework.aop.support.AopUtils.invokeJoinpointUsingReflection(AopUtils.java:359) ~[spring-aop-7.0.8.jar!/:7.0.8]
backend-1  | 	at org.springframework.aop.framework.ReflectiveMethodInvocation.invokeJoinpoint(ReflectiveMethodInvocation.java:190) ~[spring-aop-7.0.8.jar!/:7.0.8]
backend-1  | 	at org.springframework.aop.framework.ReflectiveMethodInvocation.proceed(ReflectiveMethodInvocation.java:158) ~[spring-aop-7.0.8.jar!/:7.0.8]
backend-1  | 	at org.springframework.security.authorization.method.AuthorizationManagerBeforeMethodInterceptor.proceed(AuthorizationManagerBeforeMethodInterceptor.java:271) ~[spring-security-core-7.1.0.jar!/:7.1.0]
backend-1  | 	at org.springframework.security.authorization.method.AuthorizationManagerBeforeMethodInterceptor.attemptAuthorization(AuthorizationManagerBeforeMethodInterceptor.java:266) ~[spring-security-core-7.1.0.jar!/:7.1.0]
backend-1  | 	at org.springframework.security.authorization.method.AuthorizationManagerBeforeMethodInterceptor.invoke(AuthorizationManagerBeforeMethodInterceptor.java:197) ~[spring-security-core-7.1.0.jar!/:7.1.0]
backend-1  | 	at org.springframework.security.config.annotation.method.configuration.DeferringMethodInterceptor.invoke(DeferringMethodInterceptor.java:44) ~[spring-security-config-7.1.0.jar!/:7.1.0]
backend-1  | 	at org.springframework.aop.framework.ReflectiveMethodInvocation.proceed(ReflectiveMethodInvocation.java:179) ~[spring-aop-7.0.8.jar!/:7.0.8]
backend-1  | 	at org.springframework.aop.framework.CglibAopProxy$DynamicAdvisedInterceptor.intercept(CglibAopProxy.java:719) ~[spring-aop-7.0.8.jar!/:7.0.8]
backend-1  | 	at com.dms.dashboard.controller.AdminDashboardController$$SpringCGLIB$$0.topSearchKeywords(<generated>) ~[!/:0.0.1-SNAPSHOT]
backend-1  | 	at java.base/jdk.internal.reflect.DirectMethodHandleAccessor.invoke(Unknown Source) ~[na:na]
backend-1  | 	at java.base/java.lang.reflect.Method.invoke(Unknown Source) ~[na:na]
backend-1  | 	at org.springframework.web.method.support.InvocableHandlerMethod.doInvoke(InvocableHandlerMethod.java:252) ~[spring-web-7.0.8.jar!/:7.0.8]
backend-1  | 	at org.springframework.web.method.support.InvocableHandlerMethod.invokeForRequest(InvocableHandlerMethod.java:184) ~[spring-web-7.0.8.jar!/:7.0.8]
backend-1  | 	at org.springframework.web.servlet.mvc.method.annotation.ServletInvocableHandlerMethod.invokeAndHandle(ServletInvocableHandlerMethod.java:117) ~[spring-webmvc-7.0.8.jar!/:7.0.8]
backend-1  | 	at org.springframework.web.servlet.mvc.method.annotation.RequestMappingHandlerAdapter.invokeHandlerMethod(RequestMappingHandlerAdapter.java:934) ~[spring-webmvc-7.0.8.jar!/:7.0.8]
backend-1  | 	at org.springframework.web.servlet.mvc.method.annotation.RequestMappingHandlerAdapter.handleInternal(RequestMappingHandlerAdapter.java:853) ~[spring-webmvc-7.0.8.jar!/:7.0.8]
backend-1  | 	at org.springframework.web.servlet.mvc.method.AbstractHandlerMethodAdapter.handle(AbstractHandlerMethodAdapter.java:86) ~[spring-webmvc-7.0.8.jar!/:7.0.8]
backend-1  | 	at org.springframework.web.servlet.DispatcherServlet.doDispatch(DispatcherServlet.java:963) ~[spring-webmvc-7.0.8.jar!/:7.0.8]
backend-1  | 	at org.springframework.web.servlet.DispatcherServlet.doService(DispatcherServlet.java:866) ~[spring-webmvc-7.0.8.jar!/:7.0.8]
backend-1  | 	at org.springframework.web.servlet.FrameworkServlet.processRequest(FrameworkServlet.java:1000) ~[spring-webmvc-7.0.8.jar!/:7.0.8]
backend-1  | 	at org.springframework.web.servlet.FrameworkServlet.doGet(FrameworkServlet.java:892) ~[spring-webmvc-7.0.8.jar!/:7.0.8]
backend-1  | 	at jakarta.servlet.http.HttpServlet.service(HttpServlet.java:622) ~[tomcat-embed-core-11.0.22.jar!/:na]
backend-1  | 	at org.springframework.web.servlet.FrameworkServlet.service(FrameworkServlet.java:874) ~[spring-webmvc-7.0.8.jar!/:7.0.8]
backend-1  | 	at jakarta.servlet.http.HttpServlet.service(HttpServlet.java:710) ~[tomcat-embed-core-11.0.22.jar!/:na]
backend-1  | 	at org.apache.catalina.core.ApplicationFilterChain.doFilter(ApplicationFilterChain.java:128) ~[tomcat-embed-core-11.0.22.jar!/:na]
backend-1  | 	at org.apache.tomcat.websocket.server.WsFilter.doFilter(WsFilter.java:53) ~[tomcat-embed-websocket-11.0.22.jar!/:na]
backend-1  | 	at org.apache.catalina.core.ApplicationFilterChain.doFilter(ApplicationFilterChain.java:107) ~[tomcat-embed-core-11.0.22.jar!/:na]
backend-1  | 	at org.springframework.web.filter.CompositeFilter$VirtualFilterChain.doFilter(CompositeFilter.java:108) ~[spring-web-7.0.8.jar!/:7.0.8]
backend-1  | 	at org.springframework.security.web.FilterChainProxy.lambda$doFilterInternal$2(FilterChainProxy.java:235) ~[spring-security-web-7.1.0.jar!/:7.1.0]
backend-1  | 	at org.springframework.security.web.ObservationFilterChainDecorator$FilterObservation$SimpleFilterObservation.lambda$wrap$1(ObservationFilterChainDecorator.java:491) ~[spring-security-web-7.1.0.jar!/:7.1.0]
backend-1  | 	at org.springframework.security.web.ObservationFilterChainDecorator$AroundFilterObservation$SimpleAroundFilterObservation.lambda$wrap$1(ObservationFilterChainDecorator.java:353) ~[spring-security-web-7.1.0.jar!/:7.1.0]
backend-1  | 	at org.springframework.security.web.ObservationFilterChainDecorator.lambda$wrapSecured$0(ObservationFilterChainDecorator.java:84) ~[spring-security-web-7.1.0.jar!/:7.1.0]
backend-1  | 	at org.springframework.security.web.ObservationFilterChainDecorator$VirtualFilterChain.doFilter(ObservationFilterChainDecorator.java:131) ~[spring-security-web-7.1.0.jar!/:7.1.0]
backend-1  | 	at org.springframework.security.web.access.intercept.AuthorizationFilter.doFilter(AuthorizationFilter.java:101) ~[spring-security-web-7.1.0.jar!/:7.1.0]
backend-1  | 	at org.springframework.security.web.ObservationFilterChainDecorator$ObservationFilter.wrapFilter(ObservationFilterChainDecorator.java:243) ~[spring-security-web-7.1.0.jar!/:7.1.0]
backend-1  | 	at org.springframework.security.web.ObservationFilterChainDecorator$ObservationFilter.doFilter(ObservationFilterChainDecorator.java:230) ~[spring-security-web-7.1.0.jar!/:7.1.0]
backend-1  | 	at org.springframework.security.web.ObservationFilterChainDecorator$VirtualFilterChain.doFilter(ObservationFilterChainDecorator.java:140) ~[spring-security-web-7.1.0.jar!/:7.1.0]
backend-1  | 	at org.springframework.security.web.access.ExceptionTranslationFilter.doFilter(ExceptionTranslationFilter.java:126) ~[spring-security-web-7.1.0.jar!/:7.1.0]
backend-1  | 	at org.springframework.security.web.access.ExceptionTranslationFilter.doFilter(ExceptionTranslationFilter.java:120) ~[spring-security-web-7.1.0.jar!/:7.1.0]
backend-1  | 	at org.springframework.security.web.ObservationFilterChainDecorator$ObservationFilter.wrapFilter(ObservationFilterChainDecorator.java:243) ~[spring-security-web-7.1.0.jar!/:7.1.0]
backend-1  | 	at org.springframework.security.web.ObservationFilterChainDecorator$ObservationFilter.doFilter(ObservationFilterChainDecorator.java:230) ~[spring-security-web-7.1.0.jar!/:7.1.0]
backend-1  | 	at org.springframework.security.web.ObservationFilterChainDecorator$VirtualFilterChain.doFilter(ObservationFilterChainDecorator.java:140) ~[spring-security-web-7.1.0.jar!/:7.1.0]
backend-1  | 	at org.springframework.security.web.session.SessionManagementFilter.doFilter(SessionManagementFilter.java:132) ~[spring-security-web-7.1.0.jar!/:7.1.0]
backend-1  | 	at org.springframework.security.web.session.SessionManagementFilter.doFilter(SessionManagementFilter.java:86) ~[spring-security-web-7.1.0.jar!/:7.1.0]
backend-1  | 	at org.springframework.security.web.ObservationFilterChainDecorator$ObservationFilter.wrapFilter(ObservationFilterChainDecorator.java:243) ~[spring-security-web-7.1.0.jar!/:7.1.0]
backend-1  | 	at org.springframework.security.web.ObservationFilterChainDecorator$ObservationFilter.doFilter(ObservationFilterChainDecorator.java:230) ~[spring-security-web-7.1.0.jar!/:7.1.0]
backend-1  | 	at org.springframework.security.web.ObservationFilterChainDecorator$VirtualFilterChain.doFilter(ObservationFilterChainDecorator.java:140) ~[spring-security-web-7.1.0.jar!/:7.1.0]
backend-1  | 	at org.springframework.security.web.authentication.AnonymousAuthenticationFilter.doFilter(AnonymousAuthenticationFilter.java:100) ~[spring-security-web-7.1.0.jar!/:7.1.0]
backend-1  | 	at org.springframework.security.web.ObservationFilterChainDecorator$ObservationFilter.wrapFilter(ObservationFilterChainDecorator.java:243) ~[spring-security-web-7.1.0.jar!/:7.1.0]
backend-1  | 	at org.springframework.security.web.ObservationFilterChainDecorator$ObservationFilter.doFilter(ObservationFilterChainDecorator.java:230) ~[spring-security-web-7.1.0.jar!/:7.1.0]
backend-1  | 	at org.springframework.security.web.ObservationFilterChainDecorator$VirtualFilterChain.doFilter(ObservationFilterChainDecorator.java:140) ~[spring-security-web-7.1.0.jar!/:7.1.0]
backend-1  | 	at org.springframework.security.web.servletapi.SecurityContextHolderAwareRequestFilter.doFilter(SecurityContextHolderAwareRequestFilter.java:181) ~[spring-security-web-7.1.0.jar!/:7.1.0]
backend-1  | 	at org.springframework.security.web.ObservationFilterChainDecorator$ObservationFilter.wrapFilter(ObservationFilterChainDecorator.java:243) ~[spring-security-web-7.1.0.jar!/:7.1.0]
backend-1  | 	at org.springframework.security.web.ObservationFilterChainDecorator$ObservationFilter.doFilter(ObservationFilterChainDecorator.java:230) ~[spring-security-web-7.1.0.jar!/:7.1.0]
backend-1  | 	at org.springframework.security.web.ObservationFilterChainDecorator$VirtualFilterChain.doFilter(ObservationFilterChainDecorator.java:140) ~[spring-security-web-7.1.0.jar!/:7.1.0]
backend-1  | 	at org.springframework.security.web.savedrequest.RequestCacheAwareFilter.doFilter(RequestCacheAwareFilter.java:63) ~[spring-security-web-7.1.0.jar!/:7.1.0]
backend-1  | 	at org.springframework.security.web.ObservationFilterChainDecorator$ObservationFilter.wrapFilter(ObservationFilterChainDecorator.java:243) ~[spring-security-web-7.1.0.jar!/:7.1.0]
backend-1  | 	at org.springframework.security.web.ObservationFilterChainDecorator$ObservationFilter.doFilter(ObservationFilterChainDecorator.java:230) ~[spring-security-web-7.1.0.jar!/:7.1.0]
backend-1  | 	at org.springframework.security.web.ObservationFilterChainDecorator$VirtualFilterChain.doFilter(ObservationFilterChainDecorator.java:140) ~[spring-security-web-7.1.0.jar!/:7.1.0]
backend-1  | 	at org.springframework.security.oauth2.server.resource.web.authentication.BearerTokenAuthenticationFilter.doFilterInternal(BearerTokenAuthenticationFilter.java:207) ~[spring-security-oauth2-resource-server-7.1.0.jar!/:7.1.0]
backend-1  | 	at org.springframework.web.filter.OncePerRequestFilter.doFilter(OncePerRequestFilter.java:116) ~[spring-web-7.0.8.jar!/:7.0.8]
backend-1  | 	at org.springframework.security.web.ObservationFilterChainDecorator$ObservationFilter.wrapFilter(ObservationFilterChainDecorator.java:243) ~[spring-security-web-7.1.0.jar!/:7.1.0]
backend-1  | 	at org.springframework.security.web.ObservationFilterChainDecorator$ObservationFilter.doFilter(ObservationFilterChainDecorator.java:230) ~[spring-security-web-7.1.0.jar!/:7.1.0]
backend-1  | 	at org.springframework.security.web.ObservationFilterChainDecorator$VirtualFilterChain.doFilter(ObservationFilterChainDecorator.java:140) ~[spring-security-web-7.1.0.jar!/:7.1.0]
backend-1  | 	at org.springframework.security.oauth2.server.resource.web.OAuth2ProtectedResourceMetadataFilter.doFilterInternal(OAuth2ProtectedResourceMetadataFilter.java:98) ~[spring-security-oauth2-resource-server-7.1.0.jar!/:7.1.0]
backend-1  | 	at org.springframework.web.filter.OncePerRequestFilter.doFilter(OncePerRequestFilter.java:116) ~[spring-web-7.0.8.jar!/:7.0.8]
backend-1  | 	at org.springframework.security.web.ObservationFilterChainDecorator$ObservationFilter.wrapFilter(ObservationFilterChainDecorator.java:243) ~[spring-security-web-7.1.0.jar!/:7.1.0]
backend-1  | 	at org.springframework.security.web.ObservationFilterChainDecorator$ObservationFilter.doFilter(ObservationFilterChainDecorator.java:230) ~[spring-security-web-7.1.0.jar!/:7.1.0]
backend-1  | 	at org.springframework.security.web.ObservationFilterChainDecorator$VirtualFilterChain.doFilter(ObservationFilterChainDecorator.java:140) ~[spring-security-web-7.1.0.jar!/:7.1.0]
backend-1  | 	at org.springframework.security.web.authentication.logout.LogoutFilter.doFilter(LogoutFilter.java:110) ~[spring-security-web-7.1.0.jar!/:7.1.0]
backend-1  | 	at org.springframework.security.web.authentication.logout.LogoutFilter.doFilter(LogoutFilter.java:96) ~[spring-security-web-7.1.0.jar!/:7.1.0]
backend-1  | 	at org.springframework.security.web.ObservationFilterChainDecorator$ObservationFilter.wrapFilter(ObservationFilterChainDecorator.java:243) ~[spring-security-web-7.1.0.jar!/:7.1.0]
backend-1  | 	at org.springframework.security.web.ObservationFilterChainDecorator$ObservationFilter.doFilter(ObservationFilterChainDecorator.java:230) ~[spring-security-web-7.1.0.jar!/:7.1.0]
backend-1  | 	at org.springframework.security.web.ObservationFilterChainDecorator$VirtualFilterChain.doFilter(ObservationFilterChainDecorator.java:140) ~[spring-security-web-7.1.0.jar!/:7.1.0]
backend-1  | 	at org.springframework.web.filter.CorsFilter.doFilterInternal(CorsFilter.java:91) ~[spring-web-7.0.8.jar!/:7.0.8]
backend-1  | 	at org.springframework.web.filter.OncePerRequestFilter.doFilter(OncePerRequestFilter.java:116) ~[spring-web-7.0.8.jar!/:7.0.8]
backend-1  | 	at org.springframework.security.web.ObservationFilterChainDecorator$ObservationFilter.wrapFilter(ObservationFilterChainDecorator.java:243) ~[spring-security-web-7.1.0.jar!/:7.1.0]
backend-1  | 	at org.springframework.security.web.ObservationFilterChainDecorator$ObservationFilter.doFilter(ObservationFilterChainDecorator.java:230) ~[spring-security-web-7.1.0.jar!/:7.1.0]
backend-1  | 	at org.springframework.security.web.ObservationFilterChainDecorator$VirtualFilterChain.doFilter(ObservationFilterChainDecorator.java:140) ~[spring-security-web-7.1.0.jar!/:7.1.0]
backend-1  | 	at org.springframework.security.web.header.HeaderWriterFilter.doHeadersAfter(HeaderWriterFilter.java:90) ~[spring-security-web-7.1.0.jar!/:7.1.0]
backend-1  | 	at org.springframework.security.web.header.HeaderWriterFilter.doFilterInternal(HeaderWriterFilter.java:75) ~[spring-security-web-7.1.0.jar!/:7.1.0]
backend-1  | 	at org.springframework.web.filter.OncePerRequestFilter.doFilter(OncePerRequestFilter.java:116) ~[spring-web-7.0.8.jar!/:7.0.8]
backend-1  | 	at org.springframework.security.web.ObservationFilterChainDecorator$ObservationFilter.wrapFilter(ObservationFilterChainDecorator.java:243) ~[spring-security-web-7.1.0.jar!/:7.1.0]
backend-1  | 	at org.springframework.security.web.ObservationFilterChainDecorator$ObservationFilter.doFilter(ObservationFilterChainDecorator.java:230) ~[spring-security-web-7.1.0.jar!/:7.1.0]
backend-1  | 	at org.springframework.security.web.ObservationFilterChainDecorator$VirtualFilterChain.doFilter(ObservationFilterChainDecorator.java:140) ~[spring-security-web-7.1.0.jar!/:7.1.0]
backend-1  | 	at org.springframework.security.web.context.SecurityContextHolderFilter.doFilter(SecurityContextHolderFilter.java:82) ~[spring-security-web-7.1.0.jar!/:7.1.0]
backend-1  | 	at org.springframework.security.web.context.SecurityContextHolderFilter.doFilter(SecurityContextHolderFilter.java:69) ~[spring-security-web-7.1.0.jar!/:7.1.0]
backend-1  | 	at org.springframework.security.web.ObservationFilterChainDecorator$ObservationFilter.wrapFilter(ObservationFilterChainDecorator.java:243) ~[spring-security-web-7.1.0.jar!/:7.1.0]
backend-1  | 	at org.springframework.security.web.ObservationFilterChainDecorator$ObservationFilter.doFilter(ObservationFilterChainDecorator.java:230) ~[spring-security-web-7.1.0.jar!/:7.1.0]
backend-1  | 	at org.springframework.security.web.ObservationFilterChainDecorator$VirtualFilterChain.doFilter(ObservationFilterChainDecorator.java:140) ~[spring-security-web-7.1.0.jar!/:7.1.0]
backend-1  | 	at org.springframework.security.web.context.request.async.WebAsyncManagerIntegrationFilter.doFilterInternal(WebAsyncManagerIntegrationFilter.java:62) ~[spring-security-web-7.1.0.jar!/:7.1.0]
backend-1  | 	at org.springframework.web.filter.OncePerRequestFilter.doFilter(OncePerRequestFilter.java:116) ~[spring-web-7.0.8.jar!/:7.0.8]
backend-1  | 	at org.springframework.security.web.ObservationFilterChainDecorator$ObservationFilter.wrapFilter(ObservationFilterChainDecorator.java:243) ~[spring-security-web-7.1.0.jar!/:7.1.0]
backend-1  | 	at org.springframework.security.web.ObservationFilterChainDecorator$ObservationFilter.doFilter(ObservationFilterChainDecorator.java:230) ~[spring-security-web-7.1.0.jar!/:7.1.0]
backend-1  | 	at org.springframework.security.web.ObservationFilterChainDecorator$VirtualFilterChain.doFilter(ObservationFilterChainDecorator.java:140) ~[spring-security-web-7.1.0.jar!/:7.1.0]
backend-1  | 	at org.springframework.security.web.session.DisableEncodeUrlFilter.doFilterInternal(DisableEncodeUrlFilter.java:42) ~[spring-security-web-7.1.0.jar!/:7.1.0]
backend-1  | 	at org.springframework.web.filter.OncePerRequestFilter.doFilter(OncePerRequestFilter.java:116) ~[spring-web-7.0.8.jar!/:7.0.8]
backend-1  | 	at org.springframework.security.web.ObservationFilterChainDecorator$ObservationFilter.wrapFilter(ObservationFilterChainDecorator.java:243) ~[spring-security-web-7.1.0.jar!/:7.1.0]
backend-1  | 	at org.springframework.security.web.ObservationFilterChainDecorator$AroundFilterObservation$SimpleAroundFilterObservation.lambda$wrap$0(ObservationFilterChainDecorator.java:336) ~[spring-security-web-7.1.0.jar!/:7.1.0]
backend-1  | 	at org.springframework.security.web.ObservationFilterChainDecorator$ObservationFilter.doFilter(ObservationFilterChainDecorator.java:227) ~[spring-security-web-7.1.0.jar!/:7.1.0]
backend-1  | 	at org.springframework.security.web.ObservationFilterChainDecorator$VirtualFilterChain.doFilter(ObservationFilterChainDecorator.java:140) ~[spring-security-web-7.1.0.jar!/:7.1.0]
backend-1  | 	at org.springframework.security.web.FilterChainProxy.doFilterInternal(FilterChainProxy.java:237) ~[spring-security-web-7.1.0.jar!/:7.1.0]
backend-1  | 	at org.springframework.security.web.FilterChainProxy.doFilter(FilterChainProxy.java:195) ~[spring-security-web-7.1.0.jar!/:7.1.0]
backend-1  | 	at org.springframework.web.filter.CompositeFilter$VirtualFilterChain.doFilter(CompositeFilter.java:113) ~[spring-web-7.0.8.jar!/:7.0.8]
backend-1  | 	at org.springframework.web.filter.ServletRequestPathFilter.doFilter(ServletRequestPathFilter.java:52) ~[spring-web-7.0.8.jar!/:7.0.8]
backend-1  | 	at org.springframework.web.filter.CompositeFilter$VirtualFilterChain.doFilter(CompositeFilter.java:113) ~[spring-web-7.0.8.jar!/:7.0.8]
backend-1  | 	at org.springframework.web.filter.CompositeFilter.doFilter(CompositeFilter.java:74) ~[spring-web-7.0.8.jar!/:7.0.8]
backend-1  | 	at org.springframework.security.config.annotation.web.configuration.WebSecurityConfiguration$CompositeFilterChainProxy.doFilter(WebSecurityConfiguration.java:317) ~[spring-security-config-7.1.0.jar!/:7.1.0]
backend-1  | 	at org.springframework.web.filter.DelegatingFilterProxy.invokeDelegate(DelegatingFilterProxy.java:355) ~[spring-web-7.0.8.jar!/:7.0.8]
backend-1  | 	at org.springframework.web.filter.DelegatingFilterProxy.doFilter(DelegatingFilterProxy.java:272) ~[spring-web-7.0.8.jar!/:7.0.8]
backend-1  | 	at org.apache.catalina.core.ApplicationFilterChain.doFilter(ApplicationFilterChain.java:107) ~[tomcat-embed-core-11.0.22.jar!/:na]
backend-1  | 	at org.springframework.web.filter.RequestContextFilter.doFilterInternal(RequestContextFilter.java:100) ~[spring-web-7.0.8.jar!/:7.0.8]
backend-1  | 	at org.springframework.web.filter.OncePerRequestFilter.doFilter(OncePerRequestFilter.java:116) ~[spring-web-7.0.8.jar!/:7.0.8]
backend-1  | 	at org.apache.catalina.core.ApplicationFilterChain.doFilter(ApplicationFilterChain.java:107) ~[tomcat-embed-core-11.0.22.jar!/:na]
backend-1  | 	at org.springframework.web.filter.FormContentFilter.doFilterInternal(FormContentFilter.java:93) ~[spring-web-7.0.8.jar!/:7.0.8]
backend-1  | 	at org.springframework.web.filter.OncePerRequestFilter.doFilter(OncePerRequestFilter.java:116) ~[spring-web-7.0.8.jar!/:7.0.8]
backend-1  | 	at org.apache.catalina.core.ApplicationFilterChain.doFilter(ApplicationFilterChain.java:107) ~[tomcat-embed-core-11.0.22.jar!/:na]
backend-1  | 	at org.springframework.web.filter.ServerHttpObservationFilter.doFilterInternal(ServerHttpObservationFilter.java:110) ~[spring-web-7.0.8.jar!/:7.0.8]
backend-1  | 	at org.springframework.web.filter.OncePerRequestFilter.doFilter(OncePerRequestFilter.java:116) ~[spring-web-7.0.8.jar!/:7.0.8]
backend-1  | 	at org.apache.catalina.core.ApplicationFilterChain.doFilter(ApplicationFilterChain.java:107) ~[tomcat-embed-core-11.0.22.jar!/:na]
backend-1  | 	at org.springframework.web.filter.CharacterEncodingFilter.doFilterInternal(CharacterEncodingFilter.java:199) ~[spring-web-7.0.8.jar!/:7.0.8]
backend-1  | 	at org.springframework.web.filter.OncePerRequestFilter.doFilter(OncePerRequestFilter.java:116) ~[spring-web-7.0.8.jar!/:7.0.8]
backend-1  | 	at org.apache.catalina.core.ApplicationFilterChain.doFilter(ApplicationFilterChain.java:107) ~[tomcat-embed-core-11.0.22.jar!/:na]
backend-1  | 	at org.apache.catalina.core.StandardWrapperValve.invoke(StandardWrapperValve.java:165) ~[tomcat-embed-core-11.0.22.jar!/:na]
backend-1  | 	at org.apache.catalina.core.StandardContextValve.invoke(StandardContextValve.java:77) ~[tomcat-embed-core-11.0.22.jar!/:na]
backend-1  | 	at org.apache.catalina.authenticator.AuthenticatorBase.invoke(AuthenticatorBase.java:492) ~[tomcat-embed-core-11.0.22.jar!/:na]
backend-1  | 	at org.apache.catalina.core.StandardHostValve.invoke(StandardHostValve.java:113) ~[tomcat-embed-core-11.0.22.jar!/:na]
backend-1  | 	at org.apache.catalina.valves.ErrorReportValve.invoke(ErrorReportValve.java:83) ~[tomcat-embed-core-11.0.22.jar!/:na]
backend-1  | 	at org.apache.catalina.core.StandardEngineValve.invoke(StandardEngineValve.java:72) ~[tomcat-embed-core-11.0.22.jar!/:na]
backend-1  | 	at org.apache.catalina.connector.CoyoteAdapter.service(CoyoteAdapter.java:341) ~[tomcat-embed-core-11.0.22.jar!/:na]
backend-1  | 	at org.apache.coyote.http11.Http11Processor.service(Http11Processor.java:397) ~[tomcat-embed-core-11.0.22.jar!/:na]
backend-1  | 	at org.apache.coyote.AbstractProcessorLight.process(AbstractProcessorLight.java:63) ~[tomcat-embed-core-11.0.22.jar!/:na]
backend-1  | 	at org.apache.coyote.AbstractProtocol$ConnectionHandler.process(AbstractProtocol.java:1272) ~[tomcat-embed-core-11.0.22.jar!/:na]
backend-1  | 	at org.apache.tomcat.util.net.NioEndpoint$SocketProcessor.doRun(NioEndpoint.java:1801) ~[tomcat-embed-core-11.0.22.jar!/:na]
backend-1  | 	at org.apache.tomcat.util.net.SocketProcessorBase.run(SocketProcessorBase.java:52) ~[tomcat-embed-core-11.0.22.jar!/:na]
backend-1  | 	at org.apache.tomcat.util.threads.ThreadPoolExecutor.runWorker(ThreadPoolExecutor.java:946) ~[tomcat-embed-core-11.0.22.jar!/:na]
backend-1  | 	at org.apache.tomcat.util.threads.ThreadPoolExecutor$Worker.run(ThreadPoolExecutor.java:480) ~[tomcat-embed-core-11.0.22.jar!/:na]
backend-1  | 	at org.apache.tomcat.util.threads.TaskThread$WrappingRunnable.run(TaskThread.java:57) ~[tomcat-embed-core-11.0.22.jar!/:na]
backend-1  | 	at java.base/java.lang.Thread.run(Unknown Source) ~[na:na]
backend-1  | Caused by: org.postgresql.util.PSQLException: ERROR: could not determine data type of parameter $1
backend-1  | 	at org.postgresql.core.v3.QueryExecutorImpl.receiveErrorResponse(QueryExecutorImpl.java:2904) ~[postgresql-42.7.11.jar!/:42.7.11]
backend-1  | 	at org.postgresql.core.v3.QueryExecutorImpl.processResults(QueryExecutorImpl.java:2589) ~[postgresql-42.7.11.jar!/:42.7.11]
backend-1  | 	at org.postgresql.core.v3.QueryExecutorImpl.execute(QueryExecutorImpl.java:431) ~[postgresql-42.7.11.jar!/:42.7.11]
backend-1  | 	at org.postgresql.jdbc.PgStatement.executeInternal(PgStatement.java:534) ~[postgresql-42.7.11.jar!/:42.7.11]
backend-1  | 	at org.postgresql.jdbc.PgStatement.execute(PgStatement.java:437) ~[postgresql-42.7.11.jar!/:42.7.11]
backend-1  | 	at org.postgresql.jdbc.PgPreparedStatement.executeWithFlags(PgPreparedStatement.java:196) ~[postgresql-42.7.11.jar!/:42.7.11]
backend-1  | 	at org.postgresql.jdbc.PgPreparedStatement.executeQuery(PgPreparedStatement.java:139) ~[postgresql-42.7.11.jar!/:42.7.11]
backend-1  | 	at com.zaxxer.hikari.pool.ProxyPreparedStatement.executeQuery(ProxyPreparedStatement.java:52) ~[HikariCP-7.0.2.jar!/:na]
backend-1  | 	at com.zaxxer.hikari.pool.HikariProxyPreparedStatement.executeQuery(HikariProxyPreparedStatement.java) ~[HikariCP-7.0.2.jar!/:na]
backend-1  | 	at org.springframework.jdbc.core.JdbcTemplate.lambda$query$0(JdbcTemplate.java:738) ~[spring-jdbc-7.0.8.jar!/:7.0.8]
backend-1  | 	at org.springframework.jdbc.core.JdbcTemplate.execute(JdbcTemplate.java:670) ~[spring-jdbc-7.0.8.jar!/:7.0.8]
backend-1  | 	... 169 common frames omitted
backend-1  | 
backend-1  | 2026-08-05T04:54:12.720Z TRACE 1 --- [dms] [nio-8080-exec-3] o.s.s.w.header.writers.HstsHeaderWriter  : Not injecting HSTS header since it did not match request to [Is Secure]
backend-1  | 2026-08-05T04:54:12.727Z TRACE 1 --- [dms] [nio-8080-exec-5] o.s.security.web.FilterChainProxy        : Trying to match request against DefaultSecurityFilterChain defined as 'securityFilterChain' in [class path resource [com/dms/common/security/SecurityConfig.class]] matching [any request] and having filters [DisableEncodeUrl, WebAsyncManagerIntegration, SecurityContextHolder, HeaderWriter, Cors, Logout, OAuth2ProtectedResourceMetadata, BearerTokenAuthentication, RequestCacheAware, SecurityContextHolderAwareRequest, AnonymousAuthentication, SessionManagement, ExceptionTranslation, Authorization] (1/1)
backend-1  | 2026-08-05T04:54:12.728Z DEBUG 1 --- [dms] [nio-8080-exec-5] o.s.security.web.FilterChainProxy        : Securing GET /admin/dashboard/top-documents?metric=view&limit=5
backend-1  | 2026-08-05T04:54:12.728Z TRACE 1 --- [dms] [nio-8080-exec-5] o.s.security.web.FilterChainProxy        : Invoking DisableEncodeUrlFilter (1/14)
backend-1  | 2026-08-05T04:54:12.728Z TRACE 1 --- [dms] [nio-8080-exec-5] o.s.security.web.FilterChainProxy        : Invoking WebAsyncManagerIntegrationFilter (2/14)
backend-1  | 2026-08-05T04:54:12.729Z TRACE 1 --- [dms] [nio-8080-exec-5] o.s.security.web.FilterChainProxy        : Invoking SecurityContextHolderFilter (3/14)
backend-1  | 2026-08-05T04:54:12.729Z TRACE 1 --- [dms] [nio-8080-exec-5] o.s.security.web.FilterChainProxy        : Invoking HeaderWriterFilter (4/14)
backend-1  | 2026-08-05T04:54:12.729Z TRACE 1 --- [dms] [nio-8080-exec-5] o.s.security.web.FilterChainProxy        : Invoking CorsFilter (5/14)
backend-1  | 2026-08-05T04:54:12.729Z TRACE 1 --- [dms] [nio-8080-exec-5] o.s.security.web.FilterChainProxy        : Invoking LogoutFilter (6/14)
backend-1  | 2026-08-05T04:54:12.729Z TRACE 1 --- [dms] [nio-8080-exec-5] o.s.s.w.a.logout.LogoutFilter            : Did not match request to Or [PathPattern [GET /logout], PathPattern [POST /logout], PathPattern [PUT /logout], PathPattern [DELETE /logout]]
backend-1  | 2026-08-05T04:54:12.730Z TRACE 1 --- [dms] [nio-8080-exec-5] o.s.security.web.FilterChainProxy        : Invoking OAuth2ProtectedResourceMetadataFilter (7/14)
backend-1  | 2026-08-05T04:54:12.730Z TRACE 1 --- [dms] [nio-8080-exec-5] o.s.security.web.FilterChainProxy        : Invoking BearerTokenAuthenticationFilter (8/14)
backend-1  | 2026-08-05T04:54:12.731Z TRACE 1 --- [dms] [nio-8080-exec-5] o.s.s.authentication.ProviderManager     : Authenticating request with JwtAuthenticationProvider (1/2)
backend-1  | 2026-08-05T04:54:12.732Z DEBUG 1 --- [dms] [nio-8080-exec-5] o.s.s.o.s.r.a.JwtAuthenticationProvider  : Authenticated token
backend-1  | 2026-08-05T04:54:12.732Z TRACE 1 --- [dms] [nio-8080-exec-5] .s.s.w.c.SupplierDeferredSecurityContext : Created SecurityContextImpl [Null authentication]
backend-1  | 2026-08-05T04:54:12.732Z DEBUG 1 --- [dms] [nio-8080-exec-5] .s.r.w.a.BearerTokenAuthenticationFilter : Set SecurityContextHolder to JwtAuthenticationToken [Principal=org.springframework.security.oauth2.server.resource.authentication.JwtAuthenticationConverter$JwtAuthenticatedPrincipal@e05cdb73, Credentials=[PROTECTED], Authenticated=true, Details=WebAuthenticationDetails [RemoteIpAddress=172.19.0.1, SessionId=null], Granted Authorities=[FactorGrantedAuthority [authority=FACTOR_BEARER, issuedAt=2026-08-05T04:54:12.732387866Z], ROLE_ADMIN]]
backend-1  | 2026-08-05T04:54:12.732Z TRACE 1 --- [dms] [nio-8080-exec-5] o.s.security.web.FilterChainProxy        : Invoking RequestCacheAwareFilter (9/14)
backend-1  | 2026-08-05T04:54:12.733Z TRACE 1 --- [dms] [nio-8080-exec-5] o.s.security.web.FilterChainProxy        : Invoking SecurityContextHolderAwareRequestFilter (10/14)
backend-1  | 2026-08-05T04:54:12.733Z TRACE 1 --- [dms] [nio-8080-exec-5] o.s.security.web.FilterChainProxy        : Invoking AnonymousAuthenticationFilter (11/14)
backend-1  | 2026-08-05T04:54:12.733Z TRACE 1 --- [dms] [nio-8080-exec-5] o.s.security.web.FilterChainProxy        : Invoking SessionManagementFilter (12/14)
backend-1  | 2026-08-05T04:54:12.734Z TRACE 1 --- [dms] [nio-8080-exec-5] o.s.s.w.a.AnonymousAuthenticationFilter  : Did not set SecurityContextHolder since already authenticated JwtAuthenticationToken [Principal=org.springframework.security.oauth2.server.resource.authentication.JwtAuthenticationConverter$JwtAuthenticatedPrincipal@e05cdb73, Credentials=[PROTECTED], Authenticated=true, Details=WebAuthenticationDetails [RemoteIpAddress=172.19.0.1, SessionId=null], Granted Authorities=[FactorGrantedAuthority [authority=FACTOR_BEARER, issuedAt=2026-08-05T04:54:12.732387866Z], ROLE_ADMIN]]
backend-1  | 2026-08-05T04:54:12.734Z TRACE 1 --- [dms] [nio-8080-exec-5] s.CompositeSessionAuthenticationStrategy : Preparing session with ChangeSessionIdAuthenticationStrategy (1/1)
backend-1  | 2026-08-05T04:54:12.734Z TRACE 1 --- [dms] [nio-8080-exec-5] o.s.security.web.FilterChainProxy        : Invoking ExceptionTranslationFilter (13/14)
backend-1  | 2026-08-05T04:54:12.734Z TRACE 1 --- [dms] [nio-8080-exec-5] o.s.security.web.FilterChainProxy        : Invoking AuthorizationFilter (14/14)
backend-1  | 2026-08-05T04:54:12.735Z TRACE 1 --- [dms] [nio-8080-exec-5] estMatcherDelegatingAuthorizationManager : Authorizing GET /admin/dashboard/top-documents?metric=view&limit=5
backend-1  | 2026-08-05T04:54:12.735Z TRACE 1 --- [dms] [nio-8080-exec-5] estMatcherDelegatingAuthorizationManager : Checking authorization on GET /admin/dashboard/top-documents?metric=view&limit=5 using org.springframework.security.authorization.AuthenticatedAuthorizationManager@6912008b
backend-1  | 2026-08-05T04:54:12.736Z DEBUG 1 --- [dms] [nio-8080-exec-5] o.s.security.web.FilterChainProxy        : Secured GET /admin/dashboard/top-documents?metric=view&limit=5
backend-1  | 2026-08-05T04:54:12.738Z DEBUG 1 --- [dms] [nio-8080-exec-5] horizationManagerBeforeMethodInterceptor : Authorizing method invocation ReflectiveMethodInvocation: public com.dms.common.dto.ApiResponse com.dms.dashboard.controller.AdminDashboardController.topDocuments(java.lang.String,java.time.OffsetDateTime,java.time.OffsetDateTime,java.lang.Integer); target is of class [com.dms.dashboard.controller.AdminDashboardController]
backend-1  | 2026-08-05T04:54:12.739Z DEBUG 1 --- [dms] [nio-8080-exec-5] horizationManagerBeforeMethodInterceptor : Authorized method invocation ReflectiveMethodInvocation: public com.dms.common.dto.ApiResponse com.dms.dashboard.controller.AdminDashboardController.topDocuments(java.lang.String,java.time.OffsetDateTime,java.time.OffsetDateTime,java.lang.Integer); target is of class [com.dms.dashboard.controller.AdminDashboardController]
backend-1  | 2026-08-05T04:54:12.744Z ERROR 1 --- [dms] [nio-8080-exec-5] c.d.c.exception.GlobalExceptionHandler   : Unhandled exception
backend-1  | 
backend-1  | org.springframework.jdbc.BadSqlGrammarException: PreparedStatementCallback; bad SQL grammar [SELECT d.id, d.title, d.document_code,
backend-1  |        count(*) FILTER (WHERE al.action IN ('VIEW', 'PREVIEW')) AS view_count,
backend-1  |        count(*) FILTER (WHERE al.action IN ('DOWNLOAD', 'VERSION_DOWNLOAD')) AS download_count,
backend-1  |        max(al.created_at) AS last_accessed_at
backend-1  | FROM documents d
backend-1  | LEFT JOIN access_logs al ON al.document_id = d.id
backend-1  |     AND al.access_granted = true
backend-1  |     AND (? IS NULL OR al.created_at >= ?)
backend-1  |     AND (? IS NULL OR al.created_at <= ?)
backend-1  | WHERE d.permanently_deleted_at IS NULL
backend-1  | GROUP BY d.id, d.title, d.document_code, d.view_count, d.download_count
backend-1  | ORDER BY view_count DESC, max(al.created_at) DESC NULLS LAST, d.id DESC
backend-1  | LIMIT ?
backend-1  | ]
backend-1  | 	at org.springframework.jdbc.support.SQLStateSQLExceptionTranslator.doTranslate(SQLStateSQLExceptionTranslator.java:134) ~[spring-jdbc-7.0.8.jar!/:7.0.8]
backend-1  | 	at org.springframework.jdbc.support.AbstractFallbackSQLExceptionTranslator.translate(AbstractFallbackSQLExceptionTranslator.java:102) ~[spring-jdbc-7.0.8.jar!/:7.0.8]
backend-1  | 	at org.springframework.jdbc.support.AbstractFallbackSQLExceptionTranslator.translate(AbstractFallbackSQLExceptionTranslator.java:111) ~[spring-jdbc-7.0.8.jar!/:7.0.8]
backend-1  | 	at org.springframework.jdbc.core.JdbcTemplate.translateException(JdbcTemplate.java:1549) ~[spring-jdbc-7.0.8.jar!/:7.0.8]
backend-1  | 	at org.springframework.jdbc.core.JdbcTemplate.execute(JdbcTemplate.java:689) ~[spring-jdbc-7.0.8.jar!/:7.0.8]
backend-1  | 	at org.springframework.jdbc.core.JdbcTemplate.query(JdbcTemplate.java:732) ~[spring-jdbc-7.0.8.jar!/:7.0.8]
backend-1  | 	at org.springframework.jdbc.core.JdbcTemplate.query(JdbcTemplate.java:752) ~[spring-jdbc-7.0.8.jar!/:7.0.8]
backend-1  | 	at org.springframework.jdbc.core.JdbcTemplate.query(JdbcTemplate.java:804) ~[spring-jdbc-7.0.8.jar!/:7.0.8]
backend-1  | 	at org.springframework.jdbc.core.namedparam.NamedParameterJdbcTemplate.query(NamedParameterJdbcTemplate.java:224) ~[spring-jdbc-7.0.8.jar!/:7.0.8]
backend-1  | 	at com.dms.dashboard.repository.DashboardQueryRepository.topDocuments(DashboardQueryRepository.java:164) ~[!/:0.0.1-SNAPSHOT]
backend-1  | 	at java.base/jdk.internal.reflect.DirectMethodHandleAccessor.invoke(Unknown Source) ~[na:na]
backend-1  | 	at java.base/java.lang.reflect.Method.invoke(Unknown Source) ~[na:na]
backend-1  | 	at org.springframework.aop.support.AopUtils.invokeJoinpointUsingReflection(AopUtils.java:359) ~[spring-aop-7.0.8.jar!/:7.0.8]
backend-1  | 	at org.springframework.aop.framework.ReflectiveMethodInvocation.invokeJoinpoint(ReflectiveMethodInvocation.java:190) ~[spring-aop-7.0.8.jar!/:7.0.8]
backend-1  | 	at org.springframework.aop.framework.ReflectiveMethodInvocation.proceed(ReflectiveMethodInvocation.java:158) ~[spring-aop-7.0.8.jar!/:7.0.8]
backend-1  | 	at org.springframework.dao.support.PersistenceExceptionTranslationInterceptor.invoke(PersistenceExceptionTranslationInterceptor.java:135) ~[spring-tx-7.0.8.jar!/:7.0.8]
backend-1  | 	at org.springframework.aop.framework.ReflectiveMethodInvocation.proceed(ReflectiveMethodInvocation.java:179) ~[spring-aop-7.0.8.jar!/:7.0.8]
backend-1  | 	at org.springframework.aop.framework.CglibAopProxy$DynamicAdvisedInterceptor.intercept(CglibAopProxy.java:719) ~[spring-aop-7.0.8.jar!/:7.0.8]
backend-1  | 	at com.dms.dashboard.repository.DashboardQueryRepository$$SpringCGLIB$$0.topDocuments(<generated>) ~[!/:0.0.1-SNAPSHOT]
backend-1  | 	at com.dms.dashboard.service.DashboardService.topDocuments(DashboardService.java:81) ~[!/:0.0.1-SNAPSHOT]
backend-1  | 	at java.base/jdk.internal.reflect.DirectMethodHandleAccessor.invoke(Unknown Source) ~[na:na]
backend-1  | 	at java.base/java.lang.reflect.Method.invoke(Unknown Source) ~[na:na]
backend-1  | 	at org.springframework.aop.support.AopUtils.invokeJoinpointUsingReflection(AopUtils.java:359) ~[spring-aop-7.0.8.jar!/:7.0.8]
backend-1  | 	at org.springframework.aop.framework.ReflectiveMethodInvocation.invokeJoinpoint(ReflectiveMethodInvocation.java:190) ~[spring-aop-7.0.8.jar!/:7.0.8]
backend-1  | 	at org.springframework.aop.framework.ReflectiveMethodInvocation.proceed(ReflectiveMethodInvocation.java:158) ~[spring-aop-7.0.8.jar!/:7.0.8]
backend-1  | 	at org.springframework.transaction.interceptor.TransactionInterceptor$1.proceedWithInvocation(TransactionInterceptor.java:133) ~[spring-tx-7.0.8.jar!/:7.0.8]
backend-1  | 	at org.springframework.transaction.interceptor.TransactionAspectSupport.invokeWithinTransaction(TransactionAspectSupport.java:371) ~[spring-tx-7.0.8.jar!/:7.0.8]
backend-1  | 	at org.springframework.transaction.interceptor.TransactionInterceptor.invoke(TransactionInterceptor.java:130) ~[spring-tx-7.0.8.jar!/:7.0.8]
backend-1  | 	at org.springframework.aop.framework.ReflectiveMethodInvocation.proceed(ReflectiveMethodInvocation.java:179) ~[spring-aop-7.0.8.jar!/:7.0.8]
backend-1  | 	at org.springframework.aop.framework.CglibAopProxy$DynamicAdvisedInterceptor.intercept(CglibAopProxy.java:719) ~[spring-aop-7.0.8.jar!/:7.0.8]
backend-1  | 	at com.dms.dashboard.service.DashboardService$$SpringCGLIB$$0.topDocuments(<generated>) ~[!/:0.0.1-SNAPSHOT]
backend-1  | 	at com.dms.dashboard.controller.AdminDashboardController.topDocuments(AdminDashboardController.java:63) ~[!/:0.0.1-SNAPSHOT]
backend-1  | 	at java.base/jdk.internal.reflect.DirectMethodHandleAccessor.invoke(Unknown Source) ~[na:na]
backend-1  | 	at java.base/java.lang.reflect.Method.invoke(Unknown Source) ~[na:na]
backend-1  | 	at org.springframework.aop.support.AopUtils.invokeJoinpointUsingReflection(AopUtils.java:359) ~[spring-aop-7.0.8.jar!/:7.0.8]
backend-1  | 	at org.springframework.aop.framework.ReflectiveMethodInvocation.invokeJoinpoint(ReflectiveMethodInvocation.java:190) ~[spring-aop-7.0.8.jar!/:7.0.8]
backend-1  | 	at org.springframework.aop.framework.ReflectiveMethodInvocation.proceed(ReflectiveMethodInvocation.java:158) ~[spring-aop-7.0.8.jar!/:7.0.8]
backend-1  | 	at org.springframework.security.authorization.method.AuthorizationManagerBeforeMethodInterceptor.proceed(AuthorizationManagerBeforeMethodInterceptor.java:271) ~[spring-security-core-7.1.0.jar!/:7.1.0]
backend-1  | 	at org.springframework.security.authorization.method.AuthorizationManagerBeforeMethodInterceptor.attemptAuthorization(AuthorizationManagerBeforeMethodInterceptor.java:266) ~[spring-security-core-7.1.0.jar!/:7.1.0]
backend-1  | 	at org.springframework.security.authorization.method.AuthorizationManagerBeforeMethodInterceptor.invoke(AuthorizationManagerBeforeMethodInterceptor.java:197) ~[spring-security-core-7.1.0.jar!/:7.1.0]
backend-1  | 	at org.springframework.security.config.annotation.method.configuration.DeferringMethodInterceptor.invoke(DeferringMethodInterceptor.java:44) ~[spring-security-config-7.1.0.jar!/:7.1.0]
backend-1  | 	at org.springframework.aop.framework.ReflectiveMethodInvocation.proceed(ReflectiveMethodInvocation.java:179) ~[spring-aop-7.0.8.jar!/:7.0.8]
backend-1  | 	at org.springframework.aop.framework.CglibAopProxy$DynamicAdvisedInterceptor.intercept(CglibAopProxy.java:719) ~[spring-aop-7.0.8.jar!/:7.0.8]
backend-1  | 	at com.dms.dashboard.controller.AdminDashboardController$$SpringCGLIB$$0.topDocuments(<generated>) ~[!/:0.0.1-SNAPSHOT]
backend-1  | 	at java.base/jdk.internal.reflect.DirectMethodHandleAccessor.invoke(Unknown Source) ~[na:na]
backend-1  | 	at java.base/java.lang.reflect.Method.invoke(Unknown Source) ~[na:na]
backend-1  | 	at org.springframework.web.method.support.InvocableHandlerMethod.doInvoke(InvocableHandlerMethod.java:252) ~[spring-web-7.0.8.jar!/:7.0.8]
backend-1  | 	at org.springframework.web.method.support.InvocableHandlerMethod.invokeForRequest(InvocableHandlerMethod.java:184) ~[spring-web-7.0.8.jar!/:7.0.8]
backend-1  | 	at org.springframework.web.servlet.mvc.method.annotation.ServletInvocableHandlerMethod.invokeAndHandle(ServletInvocableHandlerMethod.java:117) ~[spring-webmvc-7.0.8.jar!/:7.0.8]
backend-1  | 	at org.springframework.web.servlet.mvc.method.annotation.RequestMappingHandlerAdapter.invokeHandlerMethod(RequestMappingHandlerAdapter.java:934) ~[spring-webmvc-7.0.8.jar!/:7.0.8]
backend-1  | 	at org.springframework.web.servlet.mvc.method.annotation.RequestMappingHandlerAdapter.handleInternal(RequestMappingHandlerAdapter.java:853) ~[spring-webmvc-7.0.8.jar!/:7.0.8]
backend-1  | 	at org.springframework.web.servlet.mvc.method.AbstractHandlerMethodAdapter.handle(AbstractHandlerMethodAdapter.java:86) ~[spring-webmvc-7.0.8.jar!/:7.0.8]
backend-1  | 	at org.springframework.web.servlet.DispatcherServlet.doDispatch(DispatcherServlet.java:963) ~[spring-webmvc-7.0.8.jar!/:7.0.8]
backend-1  | 	at org.springframework.web.servlet.DispatcherServlet.doService(DispatcherServlet.java:866) ~[spring-webmvc-7.0.8.jar!/:7.0.8]
backend-1  | 	at org.springframework.web.servlet.FrameworkServlet.processRequest(FrameworkServlet.java:1000) ~[spring-webmvc-7.0.8.jar!/:7.0.8]
backend-1  | 	at org.springframework.web.servlet.FrameworkServlet.doGet(FrameworkServlet.java:892) ~[spring-webmvc-7.0.8.jar!/:7.0.8]
backend-1  | 	at jakarta.servlet.http.HttpServlet.service(HttpServlet.java:622) ~[tomcat-embed-core-11.0.22.jar!/:na]
backend-1  | 	at org.springframework.web.servlet.FrameworkServlet.service(FrameworkServlet.java:874) ~[spring-webmvc-7.0.8.jar!/:7.0.8]
backend-1  | 	at jakarta.servlet.http.HttpServlet.service(HttpServlet.java:710) ~[tomcat-embed-core-11.0.22.jar!/:na]
backend-1  | 	at org.apache.catalina.core.ApplicationFilterChain.doFilter(ApplicationFilterChain.java:128) ~[tomcat-embed-core-11.0.22.jar!/:na]
backend-1  | 	at org.apache.tomcat.websocket.server.WsFilter.doFilter(WsFilter.java:53) ~[tomcat-embed-websocket-11.0.22.jar!/:na]
backend-1  | 	at org.apache.catalina.core.ApplicationFilterChain.doFilter(ApplicationFilterChain.java:107) ~[tomcat-embed-core-11.0.22.jar!/:na]
backend-1  | 	at org.springframework.web.filter.CompositeFilter$VirtualFilterChain.doFilter(CompositeFilter.java:108) ~[spring-web-7.0.8.jar!/:7.0.8]
backend-1  | 	at org.springframework.security.web.FilterChainProxy.lambda$doFilterInternal$2(FilterChainProxy.java:235) ~[spring-security-web-7.1.0.jar!/:7.1.0]
backend-1  | 	at org.springframework.security.web.ObservationFilterChainDecorator$FilterObservation$SimpleFilterObservation.lambda$wrap$1(ObservationFilterChainDecorator.java:491) ~[spring-security-web-7.1.0.jar!/:7.1.0]
backend-1  | 	at org.springframework.security.web.ObservationFilterChainDecorator$AroundFilterObservation$SimpleAroundFilterObservation.lambda$wrap$1(ObservationFilterChainDecorator.java:353) ~[spring-security-web-7.1.0.jar!/:7.1.0]
backend-1  | 	at org.springframework.security.web.ObservationFilterChainDecorator.lambda$wrapSecured$0(ObservationFilterChainDecorator.java:84) ~[spring-security-web-7.1.0.jar!/:7.1.0]
backend-1  | 	at org.springframework.security.web.ObservationFilterChainDecorator$VirtualFilterChain.doFilter(ObservationFilterChainDecorator.java:131) ~[spring-security-web-7.1.0.jar!/:7.1.0]
backend-1  | 	at org.springframework.security.web.access.intercept.AuthorizationFilter.doFilter(AuthorizationFilter.java:101) ~[spring-security-web-7.1.0.jar!/:7.1.0]
backend-1  | 	at org.springframework.security.web.ObservationFilterChainDecorator$ObservationFilter.wrapFilter(ObservationFilterChainDecorator.java:243) ~[spring-security-web-7.1.0.jar!/:7.1.0]
backend-1  | 	at org.springframework.security.web.ObservationFilterChainDecorator$ObservationFilter.doFilter(ObservationFilterChainDecorator.java:230) ~[spring-security-web-7.1.0.jar!/:7.1.0]
backend-1  | 	at org.springframework.security.web.ObservationFilterChainDecorator$VirtualFilterChain.doFilter(ObservationFilterChainDecorator.java:140) ~[spring-security-web-7.1.0.jar!/:7.1.0]
backend-1  | 	at org.springframework.security.web.access.ExceptionTranslationFilter.doFilter(ExceptionTranslationFilter.java:126) ~[spring-security-web-7.1.0.jar!/:7.1.0]
backend-1  | 	at org.springframework.security.web.access.ExceptionTranslationFilter.doFilter(ExceptionTranslationFilter.java:120) ~[spring-security-web-7.1.0.jar!/:7.1.0]
backend-1  | 	at org.springframework.security.web.ObservationFilterChainDecorator$ObservationFilter.wrapFilter(ObservationFilterChainDecorator.java:243) ~[spring-security-web-7.1.0.jar!/:7.1.0]
backend-1  | 	at org.springframework.security.web.ObservationFilterChainDecorator$ObservationFilter.doFilter(ObservationFilterChainDecorator.java:230) ~[spring-security-web-7.1.0.jar!/:7.1.0]
backend-1  | 	at org.springframework.security.web.ObservationFilterChainDecorator$VirtualFilterChain.doFilter(ObservationFilterChainDecorator.java:140) ~[spring-security-web-7.1.0.jar!/:7.1.0]
backend-1  | 	at org.springframework.security.web.session.SessionManagementFilter.doFilter(SessionManagementFilter.java:132) ~[spring-security-web-7.1.0.jar!/:7.1.0]
backend-1  | 	at org.springframework.security.web.session.SessionManagementFilter.doFilter(SessionManagementFilter.java:86) ~[spring-security-web-7.1.0.jar!/:7.1.0]
backend-1  | 	at org.springframework.security.web.ObservationFilterChainDecorator$ObservationFilter.wrapFilter(ObservationFilterChainDecorator.java:243) ~[spring-security-web-7.1.0.jar!/:7.1.0]
backend-1  | 	at org.springframework.security.web.ObservationFilterChainDecorator$ObservationFilter.doFilter(ObservationFilterChainDecorator.java:230) ~[spring-security-web-7.1.0.jar!/:7.1.0]
backend-1  | 	at org.springframework.security.web.ObservationFilterChainDecorator$VirtualFilterChain.doFilter(ObservationFilterChainDecorator.java:140) ~[spring-security-web-7.1.0.jar!/:7.1.0]
backend-1  | 	at org.springframework.security.web.authentication.AnonymousAuthenticationFilter.doFilter(AnonymousAuthenticationFilter.java:100) ~[spring-security-web-7.1.0.jar!/:7.1.0]
backend-1  | 	at org.springframework.security.web.ObservationFilterChainDecorator$ObservationFilter.wrapFilter(ObservationFilterChainDecorator.java:243) ~[spring-security-web-7.1.0.jar!/:7.1.0]
backend-1  | 	at org.springframework.security.web.ObservationFilterChainDecorator$ObservationFilter.doFilter(ObservationFilterChainDecorator.java:230) ~[spring-security-web-7.1.0.jar!/:7.1.0]
backend-1  | 	at org.springframework.security.web.ObservationFilterChainDecorator$VirtualFilterChain.doFilter(ObservationFilterChainDecorator.java:140) ~[spring-security-web-7.1.0.jar!/:7.1.0]
backend-1  | 	at org.springframework.security.web.servletapi.SecurityContextHolderAwareRequestFilter.doFilter(SecurityContextHolderAwareRequestFilter.java:181) ~[spring-security-web-7.1.0.jar!/:7.1.0]
backend-1  | 	at org.springframework.security.web.ObservationFilterChainDecorator$ObservationFilter.wrapFilter(ObservationFilterChainDecorator.java:243) ~[spring-security-web-7.1.0.jar!/:7.1.0]
backend-1  | 	at org.springframework.security.web.ObservationFilterChainDecorator$ObservationFilter.doFilter(ObservationFilterChainDecorator.java:230) ~[spring-security-web-7.1.0.jar!/:7.1.0]
backend-1  | 	at org.springframework.security.web.ObservationFilterChainDecorator$VirtualFilterChain.doFilter(ObservationFilterChainDecorator.java:140) ~[spring-security-web-7.1.0.jar!/:7.1.0]
backend-1  | 	at org.springframework.security.web.savedrequest.RequestCacheAwareFilter.doFilter(RequestCacheAwareFilter.java:63) ~[spring-security-web-7.1.0.jar!/:7.1.0]
backend-1  | 	at org.springframework.security.web.ObservationFilterChainDecorator$ObservationFilter.wrapFilter(ObservationFilterChainDecorator.java:243) ~[spring-security-web-7.1.0.jar!/:7.1.0]
backend-1  | 	at org.springframework.security.web.ObservationFilterChainDecorator$ObservationFilter.doFilter(ObservationFilterChainDecorator.java:230) ~[spring-security-web-7.1.0.jar!/:7.1.0]
backend-1  | 	at org.springframework.security.web.ObservationFilterChainDecorator$VirtualFilterChain.doFilter(ObservationFilterChainDecorator.java:140) ~[spring-security-web-7.1.0.jar!/:7.1.0]
backend-1  | 	at org.springframework.security.oauth2.server.resource.web.authentication.BearerTokenAuthenticationFilter.doFilterInternal(BearerTokenAuthenticationFilter.java:207) ~[spring-security-oauth2-resource-server-7.1.0.jar!/:7.1.0]
backend-1  | 	at org.springframework.web.filter.OncePerRequestFilter.doFilter(OncePerRequestFilter.java:116) ~[spring-web-7.0.8.jar!/:7.0.8]
backend-1  | 	at org.springframework.security.web.ObservationFilterChainDecorator$ObservationFilter.wrapFilter(ObservationFilterChainDecorator.java:243) ~[spring-security-web-7.1.0.jar!/:7.1.0]
backend-1  | 	at org.springframework.security.web.ObservationFilterChainDecorator$ObservationFilter.doFilter(ObservationFilterChainDecorator.java:230) ~[spring-security-web-7.1.0.jar!/:7.1.0]
backend-1  | 	at org.springframework.security.web.ObservationFilterChainDecorator$VirtualFilterChain.doFilter(ObservationFilterChainDecorator.java:140) ~[spring-security-web-7.1.0.jar!/:7.1.0]
backend-1  | 	at org.springframework.security.oauth2.server.resource.web.OAuth2ProtectedResourceMetadataFilter.doFilterInternal(OAuth2ProtectedResourceMetadataFilter.java:98) ~[spring-security-oauth2-resource-server-7.1.0.jar!/:7.1.0]
backend-1  | 	at org.springframework.web.filter.OncePerRequestFilter.doFilter(OncePerRequestFilter.java:116) ~[spring-web-7.0.8.jar!/:7.0.8]
backend-1  | 	at org.springframework.security.web.ObservationFilterChainDecorator$ObservationFilter.wrapFilter(ObservationFilterChainDecorator.java:243) ~[spring-security-web-7.1.0.jar!/:7.1.0]
backend-1  | 	at org.springframework.security.web.ObservationFilterChainDecorator$ObservationFilter.doFilter(ObservationFilterChainDecorator.java:230) ~[spring-security-web-7.1.0.jar!/:7.1.0]
backend-1  | 	at org.springframework.security.web.ObservationFilterChainDecorator$VirtualFilterChain.doFilter(ObservationFilterChainDecorator.java:140) ~[spring-security-web-7.1.0.jar!/:7.1.0]
backend-1  | 	at org.springframework.security.web.authentication.logout.LogoutFilter.doFilter(LogoutFilter.java:110) ~[spring-security-web-7.1.0.jar!/:7.1.0]
backend-1  | 	at org.springframework.security.web.authentication.logout.LogoutFilter.doFilter(LogoutFilter.java:96) ~[spring-security-web-7.1.0.jar!/:7.1.0]
backend-1  | 	at org.springframework.security.web.ObservationFilterChainDecorator$ObservationFilter.wrapFilter(ObservationFilterChainDecorator.java:243) ~[spring-security-web-7.1.0.jar!/:7.1.0]
backend-1  | 	at org.springframework.security.web.ObservationFilterChainDecorator$ObservationFilter.doFilter(ObservationFilterChainDecorator.java:230) ~[spring-security-web-7.1.0.jar!/:7.1.0]
backend-1  | 	at org.springframework.security.web.ObservationFilterChainDecorator$VirtualFilterChain.doFilter(ObservationFilterChainDecorator.java:140) ~[spring-security-web-7.1.0.jar!/:7.1.0]
backend-1  | 	at org.springframework.web.filter.CorsFilter.doFilterInternal(CorsFilter.java:91) ~[spring-web-7.0.8.jar!/:7.0.8]
backend-1  | 	at org.springframework.web.filter.OncePerRequestFilter.doFilter(OncePerRequestFilter.java:116) ~[spring-web-7.0.8.jar!/:7.0.8]
backend-1  | 	at org.springframework.security.web.ObservationFilterChainDecorator$ObservationFilter.wrapFilter(ObservationFilterChainDecorator.java:243) ~[spring-security-web-7.1.0.jar!/:7.1.0]
backend-1  | 	at org.springframework.security.web.ObservationFilterChainDecorator$ObservationFilter.doFilter(ObservationFilterChainDecorator.java:230) ~[spring-security-web-7.1.0.jar!/:7.1.0]
backend-1  | 	at org.springframework.security.web.ObservationFilterChainDecorator$VirtualFilterChain.doFilter(ObservationFilterChainDecorator.java:140) ~[spring-security-web-7.1.0.jar!/:7.1.0]
backend-1  | 	at org.springframework.security.web.header.HeaderWriterFilter.doHeadersAfter(HeaderWriterFilter.java:90) ~[spring-security-web-7.1.0.jar!/:7.1.0]
backend-1  | 	at org.springframework.security.web.header.HeaderWriterFilter.doFilterInternal(HeaderWriterFilter.java:75) ~[spring-security-web-7.1.0.jar!/:7.1.0]
backend-1  | 	at org.springframework.web.filter.OncePerRequestFilter.doFilter(OncePerRequestFilter.java:116) ~[spring-web-7.0.8.jar!/:7.0.8]
backend-1  | 	at org.springframework.security.web.ObservationFilterChainDecorator$ObservationFilter.wrapFilter(ObservationFilterChainDecorator.java:243) ~[spring-security-web-7.1.0.jar!/:7.1.0]
backend-1  | 	at org.springframework.security.web.ObservationFilterChainDecorator$ObservationFilter.doFilter(ObservationFilterChainDecorator.java:230) ~[spring-security-web-7.1.0.jar!/:7.1.0]
backend-1  | 	at org.springframework.security.web.ObservationFilterChainDecorator$VirtualFilterChain.doFilter(ObservationFilterChainDecorator.java:140) ~[spring-security-web-7.1.0.jar!/:7.1.0]
backend-1  | 	at org.springframework.security.web.context.SecurityContextHolderFilter.doFilter(SecurityContextHolderFilter.java:82) ~[spring-security-web-7.1.0.jar!/:7.1.0]
backend-1  | 	at org.springframework.security.web.context.SecurityContextHolderFilter.doFilter(SecurityContextHolderFilter.java:69) ~[spring-security-web-7.1.0.jar!/:7.1.0]
backend-1  | 	at org.springframework.security.web.ObservationFilterChainDecorator$ObservationFilter.wrapFilter(ObservationFilterChainDecorator.java:243) ~[spring-security-web-7.1.0.jar!/:7.1.0]
backend-1  | 	at org.springframework.security.web.ObservationFilterChainDecorator$ObservationFilter.doFilter(ObservationFilterChainDecorator.java:230) ~[spring-security-web-7.1.0.jar!/:7.1.0]
backend-1  | 	at org.springframework.security.web.ObservationFilterChainDecorator$VirtualFilterChain.doFilter(ObservationFilterChainDecorator.java:140) ~[spring-security-web-7.1.0.jar!/:7.1.0]
backend-1  | 	at org.springframework.security.web.context.request.async.WebAsyncManagerIntegrationFilter.doFilterInternal(WebAsyncManagerIntegrationFilter.java:62) ~[spring-security-web-7.1.0.jar!/:7.1.0]
backend-1  | 	at org.springframework.web.filter.OncePerRequestFilter.doFilter(OncePerRequestFilter.java:116) ~[spring-web-7.0.8.jar!/:7.0.8]
backend-1  | 	at org.springframework.security.web.ObservationFilterChainDecorator$ObservationFilter.wrapFilter(ObservationFilterChainDecorator.java:243) ~[spring-security-web-7.1.0.jar!/:7.1.0]
backend-1  | 	at org.springframework.security.web.ObservationFilterChainDecorator$ObservationFilter.doFilter(ObservationFilterChainDecorator.java:230) ~[spring-security-web-7.1.0.jar!/:7.1.0]
backend-1  | 	at org.springframework.security.web.ObservationFilterChainDecorator$VirtualFilterChain.doFilter(ObservationFilterChainDecorator.java:140) ~[spring-security-web-7.1.0.jar!/:7.1.0]
backend-1  | 	at org.springframework.security.web.session.DisableEncodeUrlFilter.doFilterInternal(DisableEncodeUrlFilter.java:42) ~[spring-security-web-7.1.0.jar!/:7.1.0]
backend-1  | 	at org.springframework.web.filter.OncePerRequestFilter.doFilter(OncePerRequestFilter.java:116) ~[spring-web-7.0.8.jar!/:7.0.8]
backend-1  | 	at org.springframework.security.web.ObservationFilterChainDecorator$ObservationFilter.wrapFilter(ObservationFilterChainDecorator.java:243) ~[spring-security-web-7.1.0.jar!/:7.1.0]
backend-1  | 	at org.springframework.security.web.ObservationFilterChainDecorator$AroundFilterObservation$SimpleAroundFilterObservation.lambda$wrap$0(ObservationFilterChainDecorator.java:336) ~[spring-security-web-7.1.0.jar!/:7.1.0]
backend-1  | 	at org.springframework.security.web.ObservationFilterChainDecorator$ObservationFilter.doFilter(ObservationFilterChainDecorator.java:227) ~[spring-security-web-7.1.0.jar!/:7.1.0]
backend-1  | 	at org.springframework.security.web.ObservationFilterChainDecorator$VirtualFilterChain.doFilter(ObservationFilterChainDecorator.java:140) ~[spring-security-web-7.1.0.jar!/:7.1.0]
backend-1  | 	at org.springframework.security.web.FilterChainProxy.doFilterInternal(FilterChainProxy.java:237) ~[spring-security-web-7.1.0.jar!/:7.1.0]
backend-1  | 	at org.springframework.security.web.FilterChainProxy.doFilter(FilterChainProxy.java:195) ~[spring-security-web-7.1.0.jar!/:7.1.0]
backend-1  | 	at org.springframework.web.filter.CompositeFilter$VirtualFilterChain.doFilter(CompositeFilter.java:113) ~[spring-web-7.0.8.jar!/:7.0.8]
backend-1  | 	at org.springframework.web.filter.ServletRequestPathFilter.doFilter(ServletRequestPathFilter.java:52) ~[spring-web-7.0.8.jar!/:7.0.8]
backend-1  | 	at org.springframework.web.filter.CompositeFilter$VirtualFilterChain.doFilter(CompositeFilter.java:113) ~[spring-web-7.0.8.jar!/:7.0.8]
backend-1  | 	at org.springframework.web.filter.CompositeFilter.doFilter(CompositeFilter.java:74) ~[spring-web-7.0.8.jar!/:7.0.8]
backend-1  | 	at org.springframework.security.config.annotation.web.configuration.WebSecurityConfiguration$CompositeFilterChainProxy.doFilter(WebSecurityConfiguration.java:317) ~[spring-security-config-7.1.0.jar!/:7.1.0]
backend-1  | 	at org.springframework.web.filter.DelegatingFilterProxy.invokeDelegate(DelegatingFilterProxy.java:355) ~[spring-web-7.0.8.jar!/:7.0.8]
backend-1  | 	at org.springframework.web.filter.DelegatingFilterProxy.doFilter(DelegatingFilterProxy.java:272) ~[spring-web-7.0.8.jar!/:7.0.8]
backend-1  | 	at org.apache.catalina.core.ApplicationFilterChain.doFilter(ApplicationFilterChain.java:107) ~[tomcat-embed-core-11.0.22.jar!/:na]
backend-1  | 	at org.springframework.web.filter.RequestContextFilter.doFilterInternal(RequestContextFilter.java:100) ~[spring-web-7.0.8.jar!/:7.0.8]
backend-1  | 	at org.springframework.web.filter.OncePerRequestFilter.doFilter(OncePerRequestFilter.java:116) ~[spring-web-7.0.8.jar!/:7.0.8]
backend-1  | 	at org.apache.catalina.core.ApplicationFilterChain.doFilter(ApplicationFilterChain.java:107) ~[tomcat-embed-core-11.0.22.jar!/:na]
backend-1  | 	at org.springframework.web.filter.FormContentFilter.doFilterInternal(FormContentFilter.java:93) ~[spring-web-7.0.8.jar!/:7.0.8]
backend-1  | 	at org.springframework.web.filter.OncePerRequestFilter.doFilter(OncePerRequestFilter.java:116) ~[spring-web-7.0.8.jar!/:7.0.8]
backend-1  | 	at org.apache.catalina.core.ApplicationFilterChain.doFilter(ApplicationFilterChain.java:107) ~[tomcat-embed-core-11.0.22.jar!/:na]
backend-1  | 	at org.springframework.web.filter.ServerHttpObservationFilter.doFilterInternal(ServerHttpObservationFilter.java:110) ~[spring-web-7.0.8.jar!/:7.0.8]
backend-1  | 	at org.springframework.web.filter.OncePerRequestFilter.doFilter(OncePerRequestFilter.java:116) ~[spring-web-7.0.8.jar!/:7.0.8]
backend-1  | 	at org.apache.catalina.core.ApplicationFilterChain.doFilter(ApplicationFilterChain.java:107) ~[tomcat-embed-core-11.0.22.jar!/:na]
backend-1  | 	at org.springframework.web.filter.CharacterEncodingFilter.doFilterInternal(CharacterEncodingFilter.java:199) ~[spring-web-7.0.8.jar!/:7.0.8]
backend-1  | 	at org.springframework.web.filter.OncePerRequestFilter.doFilter(OncePerRequestFilter.java:116) ~[spring-web-7.0.8.jar!/:7.0.8]
backend-1  | 	at org.apache.catalina.core.ApplicationFilterChain.doFilter(ApplicationFilterChain.java:107) ~[tomcat-embed-core-11.0.22.jar!/:na]
backend-1  | 	at org.apache.catalina.core.StandardWrapperValve.invoke(StandardWrapperValve.java:165) ~[tomcat-embed-core-11.0.22.jar!/:na]
backend-1  | 	at org.apache.catalina.core.StandardContextValve.invoke(StandardContextValve.java:77) ~[tomcat-embed-core-11.0.22.jar!/:na]
backend-1  | 	at org.apache.catalina.authenticator.AuthenticatorBase.invoke(AuthenticatorBase.java:492) ~[tomcat-embed-core-11.0.22.jar!/:na]
backend-1  | 	at org.apache.catalina.core.StandardHostValve.invoke(StandardHostValve.java:113) ~[tomcat-embed-core-11.0.22.jar!/:na]
backend-1  | 	at org.apache.catalina.valves.ErrorReportValve.invoke(ErrorReportValve.java:83) ~[tomcat-embed-core-11.0.22.jar!/:na]
backend-1  | 	at org.apache.catalina.core.StandardEngineValve.invoke(StandardEngineValve.java:72) ~[tomcat-embed-core-11.0.22.jar!/:na]
backend-1  | 	at org.apache.catalina.connector.CoyoteAdapter.service(CoyoteAdapter.java:341) ~[tomcat-embed-core-11.0.22.jar!/:na]
backend-1  | 	at org.apache.coyote.http11.Http11Processor.service(Http11Processor.java:397) ~[tomcat-embed-core-11.0.22.jar!/:na]
backend-1  | 	at org.apache.coyote.AbstractProcessorLight.process(AbstractProcessorLight.java:63) ~[tomcat-embed-core-11.0.22.jar!/:na]
backend-1  | 	at org.apache.coyote.AbstractProtocol$ConnectionHandler.process(AbstractProtocol.java:1272) ~[tomcat-embed-core-11.0.22.jar!/:na]
backend-1  | 	at org.apache.tomcat.util.net.NioEndpoint$SocketProcessor.doRun(NioEndpoint.java:1801) ~[tomcat-embed-core-11.0.22.jar!/:na]
backend-1  | 	at org.apache.tomcat.util.net.SocketProcessorBase.run(SocketProcessorBase.java:52) ~[tomcat-embed-core-11.0.22.jar!/:na]
backend-1  | 	at org.apache.tomcat.util.threads.ThreadPoolExecutor.runWorker(ThreadPoolExecutor.java:946) ~[tomcat-embed-core-11.0.22.jar!/:na]
backend-1  | 	at org.apache.tomcat.util.threads.ThreadPoolExecutor$Worker.run(ThreadPoolExecutor.java:480) ~[tomcat-embed-core-11.0.22.jar!/:na]
backend-1  | 	at org.apache.tomcat.util.threads.TaskThread$WrappingRunnable.run(TaskThread.java:57) ~[tomcat-embed-core-11.0.22.jar!/:na]
backend-1  | 	at java.base/java.lang.Thread.run(Unknown Source) ~[na:na]
backend-1  | Caused by: org.postgresql.util.PSQLException: ERROR: could not determine data type of parameter $1
backend-1  | 	at org.postgresql.core.v3.QueryExecutorImpl.receiveErrorResponse(QueryExecutorImpl.java:2904) ~[postgresql-42.7.11.jar!/:42.7.11]
backend-1  | 	at org.postgresql.core.v3.QueryExecutorImpl.processResults(QueryExecutorImpl.java:2589) ~[postgresql-42.7.11.jar!/:42.7.11]
backend-1  | 	at org.postgresql.core.v3.QueryExecutorImpl.execute(QueryExecutorImpl.java:431) ~[postgresql-42.7.11.jar!/:42.7.11]
backend-1  | 	at org.postgresql.jdbc.PgStatement.executeInternal(PgStatement.java:534) ~[postgresql-42.7.11.jar!/:42.7.11]
backend-1  | 	at org.postgresql.jdbc.PgStatement.execute(PgStatement.java:437) ~[postgresql-42.7.11.jar!/:42.7.11]
backend-1  | 	at org.postgresql.jdbc.PgPreparedStatement.executeWithFlags(PgPreparedStatement.java:196) ~[postgresql-42.7.11.jar!/:42.7.11]
backend-1  | 	at org.postgresql.jdbc.PgPreparedStatement.executeQuery(PgPreparedStatement.java:139) ~[postgresql-42.7.11.jar!/:42.7.11]
backend-1  | 	at com.zaxxer.hikari.pool.ProxyPreparedStatement.executeQuery(ProxyPreparedStatement.java:52) ~[HikariCP-7.0.2.jar!/:na]
backend-1  | 	at com.zaxxer.hikari.pool.HikariProxyPreparedStatement.executeQuery(HikariProxyPreparedStatement.java) ~[HikariCP-7.0.2.jar!/:na]
backend-1  | 	at org.springframework.jdbc.core.JdbcTemplate.lambda$query$0(JdbcTemplate.java:738) ~[spring-jdbc-7.0.8.jar!/:7.0.8]
backend-1  | 	at org.springframework.jdbc.core.JdbcTemplate.execute(JdbcTemplate.java:670) ~[spring-jdbc-7.0.8.jar!/:7.0.8]
backend-1  | 	... 169 common frames omitted
backend-1  | 
backend-1  | 2026-08-05T04:54:12.752Z TRACE 1 --- [dms] [nio-8080-exec-5] o.s.s.w.header.writers.HstsHeaderWriter  : Not injecting HSTS header since it did not match request to [Is Secure]
backend-1  | 2026-08-05T04:54:29.341Z TRACE 1 --- [dms] [nio-8080-exec-6] o.s.security.web.FilterChainProxy        : Trying to match request against DefaultSecurityFilterChain defined as 'securityFilterChain' in [class path resource [com/dms/common/security/SecurityConfig.class]] matching [any request] and having filters [DisableEncodeUrl, WebAsyncManagerIntegration, SecurityContextHolder, HeaderWriter, Cors, Logout, OAuth2ProtectedResourceMetadata, BearerTokenAuthentication, RequestCacheAware, SecurityContextHolderAwareRequest, AnonymousAuthentication, SessionManagement, ExceptionTranslation, Authorization] (1/1)
backend-1  | 2026-08-05T04:54:29.341Z DEBUG 1 --- [dms] [nio-8080-exec-6] o.s.security.web.FilterChainProxy        : Securing GET /actuator/health
backend-1  | 2026-08-05T04:54:29.341Z TRACE 1 --- [dms] [nio-8080-exec-6] o.s.security.web.FilterChainProxy        : Invoking DisableEncodeUrlFilter (1/14)
backend-1  | 2026-08-05T04:54:29.342Z TRACE 1 --- [dms] [nio-8080-exec-6] o.s.security.web.FilterChainProxy        : Invoking WebAsyncManagerIntegrationFilter (2/14)
backend-1  | 2026-08-05T04:54:29.342Z TRACE 1 --- [dms] [nio-8080-exec-6] o.s.security.web.FilterChainProxy        : Invoking SecurityContextHolderFilter (3/14)
backend-1  | 2026-08-05T04:54:29.342Z TRACE 1 --- [dms] [nio-8080-exec-6] o.s.security.web.FilterChainProxy        : Invoking HeaderWriterFilter (4/14)
backend-1  | 2026-08-05T04:54:29.342Z TRACE 1 --- [dms] [nio-8080-exec-6] o.s.security.web.FilterChainProxy        : Invoking CorsFilter (5/14)
backend-1  | 2026-08-05T04:54:29.342Z TRACE 1 --- [dms] [nio-8080-exec-6] o.s.security.web.FilterChainProxy        : Invoking LogoutFilter (6/14)
backend-1  | 2026-08-05T04:54:29.342Z TRACE 1 --- [dms] [nio-8080-exec-6] o.s.s.w.a.logout.LogoutFilter            : Did not match request to Or [PathPattern [GET /logout], PathPattern [POST /logout], PathPattern [PUT /logout], PathPattern [DELETE /logout]]
backend-1  | 2026-08-05T04:54:29.342Z TRACE 1 --- [dms] [nio-8080-exec-6] o.s.security.web.FilterChainProxy        : Invoking OAuth2ProtectedResourceMetadataFilter (7/14)
backend-1  | 2026-08-05T04:54:29.342Z TRACE 1 --- [dms] [nio-8080-exec-6] o.s.security.web.FilterChainProxy        : Invoking BearerTokenAuthenticationFilter (8/14)
backend-1  | 2026-08-05T04:54:29.342Z TRACE 1 --- [dms] [nio-8080-exec-6] .s.r.w.a.BearerTokenAuthenticationFilter : Did not process request since did not find bearer token
backend-1  | 2026-08-05T04:54:29.342Z TRACE 1 --- [dms] [nio-8080-exec-6] o.s.security.web.FilterChainProxy        : Invoking RequestCacheAwareFilter (9/14)
backend-1  | 2026-08-05T04:54:29.343Z TRACE 1 --- [dms] [nio-8080-exec-6] o.s.security.web.FilterChainProxy        : Invoking SecurityContextHolderAwareRequestFilter (10/14)
backend-1  | 2026-08-05T04:54:29.343Z TRACE 1 --- [dms] [nio-8080-exec-6] o.s.security.web.FilterChainProxy        : Invoking AnonymousAuthenticationFilter (11/14)
backend-1  | 2026-08-05T04:54:29.343Z TRACE 1 --- [dms] [nio-8080-exec-6] o.s.security.web.FilterChainProxy        : Invoking SessionManagementFilter (12/14)
backend-1  | 2026-08-05T04:54:29.343Z TRACE 1 --- [dms] [nio-8080-exec-6] .s.s.w.c.SupplierDeferredSecurityContext : Created SecurityContextImpl [Null authentication]
backend-1  | 2026-08-05T04:54:29.343Z TRACE 1 --- [dms] [nio-8080-exec-6] o.s.s.w.a.AnonymousAuthenticationFilter  : Set SecurityContextHolder to AnonymousAuthenticationToken [Principal=anonymousUser, Credentials=[PROTECTED], Authenticated=true, Details=WebAuthenticationDetails [RemoteIpAddress=0:0:0:0:0:0:0:1, SessionId=null], Granted Authorities=[ROLE_ANONYMOUS]]
backend-1  | 2026-08-05T04:54:29.343Z TRACE 1 --- [dms] [nio-8080-exec-6] o.s.security.web.FilterChainProxy        : Invoking ExceptionTranslationFilter (13/14)
backend-1  | 2026-08-05T04:54:29.343Z TRACE 1 --- [dms] [nio-8080-exec-6] o.s.security.web.FilterChainProxy        : Invoking AuthorizationFilter (14/14)
backend-1  | 2026-08-05T04:54:29.343Z TRACE 1 --- [dms] [nio-8080-exec-6] estMatcherDelegatingAuthorizationManager : Authorizing GET /actuator/health
backend-1  | 2026-08-05T04:54:29.344Z TRACE 1 --- [dms] [nio-8080-exec-6] estMatcherDelegatingAuthorizationManager : Checking authorization on GET /actuator/health using org.springframework.security.authorization.SingleResultAuthorizationManager@7ef4dec8
backend-1  | 2026-08-05T04:54:29.344Z DEBUG 1 --- [dms] [nio-8080-exec-6] o.s.security.web.FilterChainProxy        : Secured GET /actuator/health
backend-1  | 2026-08-05T04:54:29.349Z TRACE 1 --- [dms] [nio-8080-exec-6] o.s.s.w.header.writers.HstsHeaderWriter  : Not injecting HSTS header since it did not match request to [Is Secure]
backend-1  | 2026-08-05T04:54:59.432Z TRACE 1 --- [dms] [nio-8080-exec-8] o.s.security.web.FilterChainProxy        : Trying to match request against DefaultSecurityFilterChain defined as 'securityFilterChain' in [class path resource [com/dms/common/security/SecurityConfig.class]] matching [any request] and having filters [DisableEncodeUrl, WebAsyncManagerIntegration, SecurityContextHolder, HeaderWriter, Cors, Logout, OAuth2ProtectedResourceMetadata, BearerTokenAuthentication, RequestCacheAware, SecurityContextHolderAwareRequest, AnonymousAuthentication, SessionManagement, ExceptionTranslation, Authorization] (1/1)
backend-1  | 2026-08-05T04:54:59.432Z DEBUG 1 --- [dms] [nio-8080-exec-8] o.s.security.web.FilterChainProxy        : Securing GET /actuator/health
backend-1  | 2026-08-05T04:54:59.432Z TRACE 1 --- [dms] [nio-8080-exec-8] o.s.security.web.FilterChainProxy        : Invoking DisableEncodeUrlFilter (1/14)
backend-1  | 2026-08-05T04:54:59.433Z TRACE 1 --- [dms] [nio-8080-exec-8] o.s.security.web.FilterChainProxy        : Invoking WebAsyncManagerIntegrationFilter (2/14)
backend-1  | 2026-08-05T04:54:59.433Z TRACE 1 --- [dms] [nio-8080-exec-8] o.s.security.web.FilterChainProxy        : Invoking SecurityContextHolderFilter (3/14)
backend-1  | 2026-08-05T04:54:59.433Z TRACE 1 --- [dms] [nio-8080-exec-8] o.s.security.web.FilterChainProxy        : Invoking HeaderWriterFilter (4/14)
backend-1  | 2026-08-05T04:54:59.433Z TRACE 1 --- [dms] [nio-8080-exec-8] o.s.security.web.FilterChainProxy        : Invoking CorsFilter (5/14)
backend-1  | 2026-08-05T04:54:59.433Z TRACE 1 --- [dms] [nio-8080-exec-8] o.s.security.web.FilterChainProxy        : Invoking LogoutFilter (6/14)
backend-1  | 2026-08-05T04:54:59.434Z TRACE 1 --- [dms] [nio-8080-exec-8] o.s.s.w.a.logout.LogoutFilter            : Did not match request to Or [PathPattern [GET /logout], PathPattern [POST /logout], PathPattern [PUT /logout], PathPattern [DELETE /logout]]
backend-1  | 2026-08-05T04:54:59.434Z TRACE 1 --- [dms] [nio-8080-exec-8] o.s.security.web.FilterChainProxy        : Invoking OAuth2ProtectedResourceMetadataFilter (7/14)
backend-1  | 2026-08-05T04:54:59.434Z TRACE 1 --- [dms] [nio-8080-exec-8] o.s.security.web.FilterChainProxy        : Invoking BearerTokenAuthenticationFilter (8/14)
backend-1  | 2026-08-05T04:54:59.434Z TRACE 1 --- [dms] [nio-8080-exec-8] .s.r.w.a.BearerTokenAuthenticationFilter : Did not process request since did not find bearer token
backend-1  | 2026-08-05T04:54:59.434Z TRACE 1 --- [dms] [nio-8080-exec-8] o.s.security.web.FilterChainProxy        : Invoking RequestCacheAwareFilter (9/14)
backend-1  | 2026-08-05T04:54:59.434Z TRACE 1 --- [dms] [nio-8080-exec-8] o.s.security.web.FilterChainProxy        : Invoking SecurityContextHolderAwareRequestFilter (10/14)
backend-1  | 2026-08-05T04:54:59.434Z TRACE 1 --- [dms] [nio-8080-exec-8] o.s.security.web.FilterChainProxy        : Invoking AnonymousAuthenticationFilter (11/14)
backend-1  | 2026-08-05T04:54:59.435Z TRACE 1 --- [dms] [nio-8080-exec-8] o.s.security.web.FilterChainProxy        : Invoking SessionManagementFilter (12/14)
backend-1  | 2026-08-05T04:54:59.435Z TRACE 1 --- [dms] [nio-8080-exec-8] .s.s.w.c.SupplierDeferredSecurityContext : Created SecurityContextImpl [Null authentication]
backend-1  | 2026-08-05T04:54:59.435Z TRACE 1 --- [dms] [nio-8080-exec-8] o.s.s.w.a.AnonymousAuthenticationFilter  : Set SecurityContextHolder to AnonymousAuthenticationToken [Principal=anonymousUser, Credentials=[PROTECTED], Authenticated=true, Details=WebAuthenticationDetails [RemoteIpAddress=0:0:0:0:0:0:0:1, SessionId=null], Granted Authorities=[ROLE_ANONYMOUS]]
backend-1  | 2026-08-05T04:54:59.435Z TRACE 1 --- [dms] [nio-8080-exec-8] o.s.security.web.FilterChainProxy        : Invoking ExceptionTranslationFilter (13/14)
backend-1  | 2026-08-05T04:54:59.436Z TRACE 1 --- [dms] [nio-8080-exec-8] o.s.security.web.FilterChainProxy        : Invoking AuthorizationFilter (14/14)
backend-1  | 2026-08-05T04:54:59.436Z TRACE 1 --- [dms] [nio-8080-exec-8] estMatcherDelegatingAuthorizationManager : Authorizing GET /actuator/health
backend-1  | 2026-08-05T04:54:59.436Z TRACE 1 --- [dms] [nio-8080-exec-8] estMatcherDelegatingAuthorizationManager : Checking authorization on GET /actuator/health using org.springframework.security.authorization.SingleResultAuthorizationManager@7ef4dec8
backend-1  | 2026-08-05T04:54:59.437Z DEBUG 1 --- [dms] [nio-8080-exec-8] o.s.security.web.FilterChainProxy        : Secured GET /actuator/health
backend-1  | 2026-08-05T04:54:59.444Z TRACE 1 --- [dms] [nio-8080-exec-8] o.s.s.w.header.writers.HstsHeaderWriter  : Not injecting HSTS header since it did not match request to [Is Secure]
